-- phpMyAdmin SQL Dump
-- version 4.6.5.2
-- https://www.phpmyadmin.net/
--
-- Servidor: 127.0.0.1
-- Tiempo de generación: 13-06-2018 a las 03:31:55
-- Versión del servidor: 10.1.21-MariaDB
-- Versión de PHP: 7.0.15

SET SQL_MODE = "NO_AUTO_VALUE_ON_ZERO";
SET time_zone = "+00:00";


/*!40101 SET @OLD_CHARACTER_SET_CLIENT=@@CHARACTER_SET_CLIENT */;
/*!40101 SET @OLD_CHARACTER_SET_RESULTS=@@CHARACTER_SET_RESULTS */;
/*!40101 SET @OLD_COLLATION_CONNECTION=@@COLLATION_CONNECTION */;
/*!40101 SET NAMES utf8mb4 */;

--
-- Base de datos: `jem_unsa`
--

-- --------------------------------------------------------

--
-- Estructura de tabla para la tabla `areas`
--

CREATE TABLE `areas` (
  `id` int(10) UNSIGNED NOT NULL,
  `nombre` varchar(255) COLLATE utf8_unicode_ci NOT NULL,
  `nivel` varchar(255) COLLATE utf8_unicode_ci NOT NULL,
  `rareza` decimal(9,5) NOT NULL,
  `created_at` timestamp NOT NULL DEFAULT '0000-00-00 00:00:00',
  `updated_at` timestamp NOT NULL DEFAULT '0000-00-00 00:00:00'
) ENGINE=InnoDB DEFAULT CHARSET=utf8 COLLATE=utf8_unicode_ci;

--
-- Volcado de datos para la tabla `areas`
--

INSERT INTO `areas` (`id`, `nombre`, `nivel`, `rareza`, `created_at`, `updated_at`) VALUES
(1, 'Álgebra', 'Niveles Inicial y Primario', '0.96358', '0000-00-00 00:00:00', '0000-00-00 00:00:00'),
(2, 'Aritmética', 'Niveles Inicial y Primario', '0.96358', '0000-00-00 00:00:00', '0000-00-00 00:00:00'),
(3, 'Didáctica de la Matemática', 'Niveles Inicial y Primario', '0.95364', '0000-00-00 00:00:00', '0000-00-00 00:00:00'),
(4, 'Geometría', 'Niveles Inicial y Primario', '0.96026', '0000-00-00 00:00:00', '0000-00-00 00:00:00'),
(5, 'Tecnología para Matemática', 'Niveles Inicial y Primario', '0.97351', '0000-00-00 00:00:00', '0000-00-00 00:00:00'),
(6, 'Álgebra', 'Nivel Medio', '0.93709', '0000-00-00 00:00:00', '0000-00-00 00:00:00'),
(7, 'Análisis Matemático', 'Nivel Medio', '0.93377', '0000-00-00 00:00:00', '0000-00-00 00:00:00'),
(8, 'Didáctica de la Matemática', 'Nivel Medio', '0.93046', '0000-00-00 00:00:00', '0000-00-00 00:00:00'),
(9, 'Estadística', 'Nivel Medio', '0.96358', '0000-00-00 00:00:00', '0000-00-00 00:00:00'),
(10, 'Tecnología para Matemática', 'Nivel Medio', '0.95033', '0000-00-00 00:00:00', '0000-00-00 00:00:00'),
(11, 'Geometría', 'Nivel Medio', '1.00000', '0000-00-00 00:00:00', '0000-00-00 00:00:00'),
(12, 'Álgebra de Lie', 'Nivel Superior', '0.98675', '0000-00-00 00:00:00', '0000-00-00 00:00:00'),
(13, 'Álgebra Lineal', 'Nivel Superior', '0.94040', '0000-00-00 00:00:00', '0000-00-00 00:00:00'),
(14, 'Análisis Matemático en una variable', 'Nivel Superior', '0.94371', '0000-00-00 00:00:00', '0000-00-00 00:00:00'),
(15, 'Análisis Matemático en varias variables', 'Nivel Superior', '0.97020', '0000-00-00 00:00:00', '0000-00-00 00:00:00'),
(16, 'Análisis de Variable Compleja', 'Nivel Superior', '0.98013', '0000-00-00 00:00:00', '0000-00-00 00:00:00'),
(17, 'Cálculo Numérico', 'Nivel Superior', '0.98344', '0000-00-00 00:00:00', '0000-00-00 00:00:00'),
(18, 'Didáctica de la Matemática', 'Nivel Superior', '0.93709', '0000-00-00 00:00:00', '0000-00-00 00:00:00'),
(19, 'Ecuaciones Diferenciales', 'Nivel Superior', '0.97682', '0000-00-00 00:00:00', '0000-00-00 00:00:00'),
(20, 'Estadística', 'Nivel Superior', '0.97682', '0000-00-00 00:00:00', '0000-00-00 00:00:00'),
(21, 'Estructuras Algebraicas', 'Nivel Superior', '0.97020', '0000-00-00 00:00:00', '0000-00-00 00:00:00'),
(22, 'Física Matemática', 'Nivel Superior', '0.98675', '0000-00-00 00:00:00', '0000-00-00 00:00:00'),
(23, 'Geometría Euclidiana', 'Nivel Superior', '0.95695', '0000-00-00 00:00:00', '0000-00-00 00:00:00'),
(24, 'Geometría no Euclidiana', 'Nivel Superior', '0.99338', '0000-00-00 00:00:00', '0000-00-00 00:00:00'),
(25, 'Geometría Diferencial', 'Nivel Superior', '0.99338', '0000-00-00 00:00:00', '0000-00-00 00:00:00'),
(26, 'Geometría Proyectiva', 'Nivel Superior', '0.99007', '0000-00-00 00:00:00', '0000-00-00 00:00:00'),
(27, 'Historia de la Matemática', 'Nivel Superior', '0.98344', '0000-00-00 00:00:00', '0000-00-00 00:00:00'),
(28, 'Lógica', 'Nivel Superior', '0.97351', '0000-00-00 00:00:00', '0000-00-00 00:00:00'),
(29, 'Matemática Discreta', 'Nivel Superior', '0.96358', '0000-00-00 00:00:00', '0000-00-00 00:00:00'),
(30, 'Modelización', 'Nivel Superior', '0.96358', '0000-00-00 00:00:00', '0000-00-00 00:00:00');

-- --------------------------------------------------------

--
-- Estructura de tabla para la tabla `areasjurados`
--

CREATE TABLE `areasjurados` (
  `id` int(10) UNSIGNED NOT NULL,
  `area_id` int(10) UNSIGNED DEFAULT NULL,
  `jurado_id` int(10) UNSIGNED DEFAULT NULL,
  `created_at` timestamp NOT NULL DEFAULT '0000-00-00 00:00:00',
  `updated_at` timestamp NOT NULL DEFAULT '0000-00-00 00:00:00'
) ENGINE=InnoDB DEFAULT CHARSET=utf8 COLLATE=utf8_unicode_ci;

--
-- Volcado de datos para la tabla `areasjurados`
--

INSERT INTO `areasjurados` (`id`, `area_id`, `jurado_id`, `created_at`, `updated_at`) VALUES
(1, 3, 2, '0000-00-00 00:00:00', '0000-00-00 00:00:00'),
(2, 3, 5, '0000-00-00 00:00:00', '0000-00-00 00:00:00'),
(3, 1, 6, '0000-00-00 00:00:00', '0000-00-00 00:00:00'),
(4, 2, 6, '0000-00-00 00:00:00', '0000-00-00 00:00:00'),
(5, 4, 6, '0000-00-00 00:00:00', '0000-00-00 00:00:00'),
(6, 1, 7, '0000-00-00 00:00:00', '0000-00-00 00:00:00'),
(7, 2, 7, '0000-00-00 00:00:00', '0000-00-00 00:00:00'),
(8, 3, 7, '0000-00-00 00:00:00', '0000-00-00 00:00:00'),
(9, 4, 7, '0000-00-00 00:00:00', '0000-00-00 00:00:00'),
(10, 5, 7, '0000-00-00 00:00:00', '0000-00-00 00:00:00'),
(11, 2, 9, '0000-00-00 00:00:00', '0000-00-00 00:00:00'),
(12, 3, 9, '0000-00-00 00:00:00', '0000-00-00 00:00:00'),
(13, 4, 9, '0000-00-00 00:00:00', '0000-00-00 00:00:00'),
(14, 1, 11, '0000-00-00 00:00:00', '0000-00-00 00:00:00'),
(15, 2, 11, '0000-00-00 00:00:00', '0000-00-00 00:00:00'),
(16, 3, 11, '0000-00-00 00:00:00', '0000-00-00 00:00:00'),
(17, 4, 11, '0000-00-00 00:00:00', '0000-00-00 00:00:00'),
(18, 1, 16, '0000-00-00 00:00:00', '0000-00-00 00:00:00'),
(19, 2, 16, '0000-00-00 00:00:00', '0000-00-00 00:00:00'),
(20, 3, 16, '0000-00-00 00:00:00', '0000-00-00 00:00:00'),
(21, 4, 16, '0000-00-00 00:00:00', '0000-00-00 00:00:00'),
(22, 3, 17, '0000-00-00 00:00:00', '0000-00-00 00:00:00'),
(23, 5, 17, '0000-00-00 00:00:00', '0000-00-00 00:00:00'),
(24, 1, 18, '0000-00-00 00:00:00', '0000-00-00 00:00:00'),
(25, 3, 18, '0000-00-00 00:00:00', '0000-00-00 00:00:00'),
(26, 4, 18, '0000-00-00 00:00:00', '0000-00-00 00:00:00'),
(27, 1, 21, '0000-00-00 00:00:00', '0000-00-00 00:00:00'),
(28, 2, 21, '0000-00-00 00:00:00', '0000-00-00 00:00:00'),
(29, 4, 21, '0000-00-00 00:00:00', '0000-00-00 00:00:00'),
(30, 5, 21, '0000-00-00 00:00:00', '0000-00-00 00:00:00'),
(31, 1, 23, '0000-00-00 00:00:00', '0000-00-00 00:00:00'),
(32, 2, 23, '0000-00-00 00:00:00', '0000-00-00 00:00:00'),
(33, 3, 23, '0000-00-00 00:00:00', '0000-00-00 00:00:00'),
(34, 4, 23, '0000-00-00 00:00:00', '0000-00-00 00:00:00'),
(35, 5, 23, '0000-00-00 00:00:00', '0000-00-00 00:00:00'),
(36, 1, 24, '0000-00-00 00:00:00', '0000-00-00 00:00:00'),
(37, 4, 24, '0000-00-00 00:00:00', '0000-00-00 00:00:00'),
(38, 5, 24, '0000-00-00 00:00:00', '0000-00-00 00:00:00'),
(39, 1, 25, '0000-00-00 00:00:00', '0000-00-00 00:00:00'),
(40, 2, 25, '0000-00-00 00:00:00', '0000-00-00 00:00:00'),
(41, 1, 26, '0000-00-00 00:00:00', '0000-00-00 00:00:00'),
(42, 2, 26, '0000-00-00 00:00:00', '0000-00-00 00:00:00'),
(43, 3, 26, '0000-00-00 00:00:00', '0000-00-00 00:00:00'),
(44, 4, 26, '0000-00-00 00:00:00', '0000-00-00 00:00:00'),
(45, 5, 26, '0000-00-00 00:00:00', '0000-00-00 00:00:00'),
(46, 3, 29, '0000-00-00 00:00:00', '0000-00-00 00:00:00'),
(47, 3, 30, '0000-00-00 00:00:00', '0000-00-00 00:00:00'),
(48, 5, 30, '0000-00-00 00:00:00', '0000-00-00 00:00:00'),
(49, 2, 32, '0000-00-00 00:00:00', '0000-00-00 00:00:00'),
(50, 3, 32, '0000-00-00 00:00:00', '0000-00-00 00:00:00'),
(51, 4, 32, '0000-00-00 00:00:00', '0000-00-00 00:00:00'),
(52, 1, 33, '0000-00-00 00:00:00', '0000-00-00 00:00:00'),
(53, 2, 33, '0000-00-00 00:00:00', '0000-00-00 00:00:00'),
(54, 3, 33, '0000-00-00 00:00:00', '0000-00-00 00:00:00'),
(55, 4, 33, '0000-00-00 00:00:00', '0000-00-00 00:00:00'),
(56, 5, 38, '0000-00-00 00:00:00', '0000-00-00 00:00:00'),
(57, 6, 1, '0000-00-00 00:00:00', '0000-00-00 00:00:00'),
(58, 7, 1, '0000-00-00 00:00:00', '0000-00-00 00:00:00'),
(59, 10, 1, '0000-00-00 00:00:00', '0000-00-00 00:00:00'),
(60, 8, 2, '0000-00-00 00:00:00', '0000-00-00 00:00:00'),
(61, 7, 3, '0000-00-00 00:00:00', '0000-00-00 00:00:00'),
(62, 9, 4, '0000-00-00 00:00:00', '0000-00-00 00:00:00'),
(63, 10, 4, '0000-00-00 00:00:00', '0000-00-00 00:00:00'),
(64, 8, 5, '0000-00-00 00:00:00', '0000-00-00 00:00:00'),
(65, 6, 6, '0000-00-00 00:00:00', '0000-00-00 00:00:00'),
(66, 7, 6, '0000-00-00 00:00:00', '0000-00-00 00:00:00'),
(67, 6, 7, '0000-00-00 00:00:00', '0000-00-00 00:00:00'),
(68, 7, 7, '0000-00-00 00:00:00', '0000-00-00 00:00:00'),
(69, 8, 7, '0000-00-00 00:00:00', '0000-00-00 00:00:00'),
(70, 10, 7, '0000-00-00 00:00:00', '0000-00-00 00:00:00'),
(71, 6, 8, '0000-00-00 00:00:00', '0000-00-00 00:00:00'),
(72, 7, 8, '0000-00-00 00:00:00', '0000-00-00 00:00:00'),
(73, 8, 8, '0000-00-00 00:00:00', '0000-00-00 00:00:00'),
(74, 10, 8, '0000-00-00 00:00:00', '0000-00-00 00:00:00'),
(75, 6, 9, '0000-00-00 00:00:00', '0000-00-00 00:00:00'),
(76, 7, 9, '0000-00-00 00:00:00', '0000-00-00 00:00:00'),
(77, 8, 9, '0000-00-00 00:00:00', '0000-00-00 00:00:00'),
(78, 9, 9, '0000-00-00 00:00:00', '0000-00-00 00:00:00'),
(79, 6, 10, '0000-00-00 00:00:00', '0000-00-00 00:00:00'),
(80, 7, 10, '0000-00-00 00:00:00', '0000-00-00 00:00:00'),
(81, 10, 10, '0000-00-00 00:00:00', '0000-00-00 00:00:00'),
(82, 6, 11, '0000-00-00 00:00:00', '0000-00-00 00:00:00'),
(83, 7, 11, '0000-00-00 00:00:00', '0000-00-00 00:00:00'),
(84, 8, 11, '0000-00-00 00:00:00', '0000-00-00 00:00:00'),
(85, 9, 11, '0000-00-00 00:00:00', '0000-00-00 00:00:00'),
(86, 7, 14, '0000-00-00 00:00:00', '0000-00-00 00:00:00'),
(87, 8, 14, '0000-00-00 00:00:00', '0000-00-00 00:00:00'),
(88, 6, 16, '0000-00-00 00:00:00', '0000-00-00 00:00:00'),
(89, 8, 16, '0000-00-00 00:00:00', '0000-00-00 00:00:00'),
(90, 8, 17, '0000-00-00 00:00:00', '0000-00-00 00:00:00'),
(91, 10, 17, '0000-00-00 00:00:00', '0000-00-00 00:00:00'),
(92, 6, 18, '0000-00-00 00:00:00', '0000-00-00 00:00:00'),
(93, 8, 18, '0000-00-00 00:00:00', '0000-00-00 00:00:00'),
(94, 8, 19, '0000-00-00 00:00:00', '0000-00-00 00:00:00'),
(95, 6, 21, '0000-00-00 00:00:00', '0000-00-00 00:00:00'),
(96, 7, 21, '0000-00-00 00:00:00', '0000-00-00 00:00:00'),
(97, 8, 21, '0000-00-00 00:00:00', '0000-00-00 00:00:00'),
(98, 9, 21, '0000-00-00 00:00:00', '0000-00-00 00:00:00'),
(99, 10, 21, '0000-00-00 00:00:00', '0000-00-00 00:00:00'),
(100, 6, 23, '0000-00-00 00:00:00', '0000-00-00 00:00:00'),
(101, 8, 23, '0000-00-00 00:00:00', '0000-00-00 00:00:00'),
(102, 10, 23, '0000-00-00 00:00:00', '0000-00-00 00:00:00'),
(103, 6, 24, '0000-00-00 00:00:00', '0000-00-00 00:00:00'),
(104, 10, 24, '0000-00-00 00:00:00', '0000-00-00 00:00:00'),
(105, 6, 25, '0000-00-00 00:00:00', '0000-00-00 00:00:00'),
(106, 7, 25, '0000-00-00 00:00:00', '0000-00-00 00:00:00'),
(107, 8, 25, '0000-00-00 00:00:00', '0000-00-00 00:00:00'),
(108, 6, 26, '0000-00-00 00:00:00', '0000-00-00 00:00:00'),
(109, 7, 26, '0000-00-00 00:00:00', '0000-00-00 00:00:00'),
(110, 8, 26, '0000-00-00 00:00:00', '0000-00-00 00:00:00'),
(111, 10, 26, '0000-00-00 00:00:00', '0000-00-00 00:00:00'),
(112, 7, 27, '0000-00-00 00:00:00', '0000-00-00 00:00:00'),
(113, 9, 27, '0000-00-00 00:00:00', '0000-00-00 00:00:00'),
(114, 10, 27, '0000-00-00 00:00:00', '0000-00-00 00:00:00'),
(115, 9, 28, '0000-00-00 00:00:00', '0000-00-00 00:00:00'),
(116, 8, 29, '0000-00-00 00:00:00', '0000-00-00 00:00:00'),
(117, 6, 30, '0000-00-00 00:00:00', '0000-00-00 00:00:00'),
(118, 7, 30, '0000-00-00 00:00:00', '0000-00-00 00:00:00'),
(119, 8, 30, '0000-00-00 00:00:00', '0000-00-00 00:00:00'),
(120, 9, 30, '0000-00-00 00:00:00', '0000-00-00 00:00:00'),
(121, 10, 30, '0000-00-00 00:00:00', '0000-00-00 00:00:00'),
(122, 8, 31, '0000-00-00 00:00:00', '0000-00-00 00:00:00'),
(123, 9, 31, '0000-00-00 00:00:00', '0000-00-00 00:00:00'),
(124, 10, 31, '0000-00-00 00:00:00', '0000-00-00 00:00:00'),
(125, 6, 32, '0000-00-00 00:00:00', '0000-00-00 00:00:00'),
(126, 7, 32, '0000-00-00 00:00:00', '0000-00-00 00:00:00'),
(127, 8, 32, '0000-00-00 00:00:00', '0000-00-00 00:00:00'),
(128, 9, 32, '0000-00-00 00:00:00', '0000-00-00 00:00:00'),
(129, 10, 32, '0000-00-00 00:00:00', '0000-00-00 00:00:00'),
(130, 6, 33, '0000-00-00 00:00:00', '0000-00-00 00:00:00'),
(131, 7, 33, '0000-00-00 00:00:00', '0000-00-00 00:00:00'),
(132, 8, 33, '0000-00-00 00:00:00', '0000-00-00 00:00:00'),
(133, 7, 34, '0000-00-00 00:00:00', '0000-00-00 00:00:00'),
(134, 9, 34, '0000-00-00 00:00:00', '0000-00-00 00:00:00'),
(135, 7, 35, '0000-00-00 00:00:00', '0000-00-00 00:00:00'),
(136, 6, 36, '0000-00-00 00:00:00', '0000-00-00 00:00:00'),
(137, 7, 36, '0000-00-00 00:00:00', '0000-00-00 00:00:00'),
(138, 6, 38, '0000-00-00 00:00:00', '0000-00-00 00:00:00'),
(139, 7, 38, '0000-00-00 00:00:00', '0000-00-00 00:00:00'),
(140, 8, 38, '0000-00-00 00:00:00', '0000-00-00 00:00:00'),
(141, 9, 38, '0000-00-00 00:00:00', '0000-00-00 00:00:00'),
(142, 10, 38, '0000-00-00 00:00:00', '0000-00-00 00:00:00'),
(143, 14, 1, '0000-00-00 00:00:00', '0000-00-00 00:00:00'),
(144, 16, 1, '0000-00-00 00:00:00', '0000-00-00 00:00:00'),
(145, 19, 1, '0000-00-00 00:00:00', '0000-00-00 00:00:00'),
(146, 23, 1, '0000-00-00 00:00:00', '0000-00-00 00:00:00'),
(147, 14, 3, '0000-00-00 00:00:00', '0000-00-00 00:00:00'),
(148, 19, 3, '0000-00-00 00:00:00', '0000-00-00 00:00:00'),
(149, 30, 3, '0000-00-00 00:00:00', '0000-00-00 00:00:00'),
(150, 20, 4, '0000-00-00 00:00:00', '0000-00-00 00:00:00'),
(151, 18, 5, '0000-00-00 00:00:00', '0000-00-00 00:00:00'),
(152, 12, 6, '0000-00-00 00:00:00', '0000-00-00 00:00:00'),
(153, 13, 6, '0000-00-00 00:00:00', '0000-00-00 00:00:00'),
(154, 14, 6, '0000-00-00 00:00:00', '0000-00-00 00:00:00'),
(155, 15, 6, '0000-00-00 00:00:00', '0000-00-00 00:00:00'),
(156, 16, 6, '0000-00-00 00:00:00', '0000-00-00 00:00:00'),
(157, 21, 6, '0000-00-00 00:00:00', '0000-00-00 00:00:00'),
(158, 23, 6, '0000-00-00 00:00:00', '0000-00-00 00:00:00'),
(159, 29, 6, '0000-00-00 00:00:00', '0000-00-00 00:00:00'),
(160, 13, 7, '0000-00-00 00:00:00', '0000-00-00 00:00:00'),
(161, 14, 7, '0000-00-00 00:00:00', '0000-00-00 00:00:00'),
(162, 18, 7, '0000-00-00 00:00:00', '0000-00-00 00:00:00'),
(163, 23, 7, '0000-00-00 00:00:00', '0000-00-00 00:00:00'),
(164, 29, 7, '0000-00-00 00:00:00', '0000-00-00 00:00:00'),
(165, 30, 7, '0000-00-00 00:00:00', '0000-00-00 00:00:00'),
(166, 14, 8, '0000-00-00 00:00:00', '0000-00-00 00:00:00'),
(167, 15, 8, '0000-00-00 00:00:00', '0000-00-00 00:00:00'),
(168, 18, 8, '0000-00-00 00:00:00', '0000-00-00 00:00:00'),
(169, 22, 8, '0000-00-00 00:00:00', '0000-00-00 00:00:00'),
(170, 23, 8, '0000-00-00 00:00:00', '0000-00-00 00:00:00'),
(171, 27, 8, '0000-00-00 00:00:00', '0000-00-00 00:00:00'),
(172, 30, 8, '0000-00-00 00:00:00', '0000-00-00 00:00:00'),
(173, 18, 9, '0000-00-00 00:00:00', '0000-00-00 00:00:00'),
(174, 13, 10, '0000-00-00 00:00:00', '0000-00-00 00:00:00'),
(175, 14, 10, '0000-00-00 00:00:00', '0000-00-00 00:00:00'),
(176, 15, 10, '0000-00-00 00:00:00', '0000-00-00 00:00:00'),
(177, 16, 10, '0000-00-00 00:00:00', '0000-00-00 00:00:00'),
(178, 19, 10, '0000-00-00 00:00:00', '0000-00-00 00:00:00'),
(179, 22, 10, '0000-00-00 00:00:00', '0000-00-00 00:00:00'),
(180, 23, 10, '0000-00-00 00:00:00', '0000-00-00 00:00:00'),
(181, 13, 11, '0000-00-00 00:00:00', '0000-00-00 00:00:00'),
(182, 16, 11, '0000-00-00 00:00:00', '0000-00-00 00:00:00'),
(183, 17, 11, '0000-00-00 00:00:00', '0000-00-00 00:00:00'),
(184, 18, 11, '0000-00-00 00:00:00', '0000-00-00 00:00:00'),
(185, 21, 11, '0000-00-00 00:00:00', '0000-00-00 00:00:00'),
(186, 23, 11, '0000-00-00 00:00:00', '0000-00-00 00:00:00'),
(187, 26, 11, '0000-00-00 00:00:00', '0000-00-00 00:00:00'),
(188, 28, 11, '0000-00-00 00:00:00', '0000-00-00 00:00:00'),
(189, 13, 12, '0000-00-00 00:00:00', '0000-00-00 00:00:00'),
(190, 14, 12, '0000-00-00 00:00:00', '0000-00-00 00:00:00'),
(191, 15, 12, '0000-00-00 00:00:00', '0000-00-00 00:00:00'),
(192, 16, 12, '0000-00-00 00:00:00', '0000-00-00 00:00:00'),
(193, 17, 12, '0000-00-00 00:00:00', '0000-00-00 00:00:00'),
(194, 19, 12, '0000-00-00 00:00:00', '0000-00-00 00:00:00'),
(195, 21, 12, '0000-00-00 00:00:00', '0000-00-00 00:00:00'),
(196, 24, 12, '0000-00-00 00:00:00', '0000-00-00 00:00:00'),
(197, 26, 12, '0000-00-00 00:00:00', '0000-00-00 00:00:00'),
(198, 29, 12, '0000-00-00 00:00:00', '0000-00-00 00:00:00'),
(199, 13, 13, '0000-00-00 00:00:00', '0000-00-00 00:00:00'),
(200, 18, 13, '0000-00-00 00:00:00', '0000-00-00 00:00:00'),
(201, 14, 14, '0000-00-00 00:00:00', '0000-00-00 00:00:00'),
(202, 15, 14, '0000-00-00 00:00:00', '0000-00-00 00:00:00'),
(203, 28, 14, '0000-00-00 00:00:00', '0000-00-00 00:00:00'),
(204, 18, 15, '0000-00-00 00:00:00', '0000-00-00 00:00:00'),
(205, 18, 16, '0000-00-00 00:00:00', '0000-00-00 00:00:00'),
(206, 21, 16, '0000-00-00 00:00:00', '0000-00-00 00:00:00'),
(207, 23, 16, '0000-00-00 00:00:00', '0000-00-00 00:00:00'),
(208, 28, 16, '0000-00-00 00:00:00', '0000-00-00 00:00:00'),
(209, 29, 16, '0000-00-00 00:00:00', '0000-00-00 00:00:00'),
(210, 13, 18, '0000-00-00 00:00:00', '0000-00-00 00:00:00'),
(211, 18, 18, '0000-00-00 00:00:00', '0000-00-00 00:00:00'),
(212, 18, 19, '0000-00-00 00:00:00', '0000-00-00 00:00:00'),
(213, 23, 19, '0000-00-00 00:00:00', '0000-00-00 00:00:00'),
(214, 27, 19, '0000-00-00 00:00:00', '0000-00-00 00:00:00'),
(215, 28, 19, '0000-00-00 00:00:00', '0000-00-00 00:00:00'),
(216, 29, 19, '0000-00-00 00:00:00', '0000-00-00 00:00:00'),
(217, 13, 20, '0000-00-00 00:00:00', '0000-00-00 00:00:00'),
(218, 14, 20, '0000-00-00 00:00:00', '0000-00-00 00:00:00'),
(219, 15, 20, '0000-00-00 00:00:00', '0000-00-00 00:00:00'),
(220, 19, 20, '0000-00-00 00:00:00', '0000-00-00 00:00:00'),
(221, 21, 20, '0000-00-00 00:00:00', '0000-00-00 00:00:00'),
(222, 30, 20, '0000-00-00 00:00:00', '0000-00-00 00:00:00'),
(223, 12, 21, '0000-00-00 00:00:00', '0000-00-00 00:00:00'),
(224, 13, 21, '0000-00-00 00:00:00', '0000-00-00 00:00:00'),
(225, 14, 21, '0000-00-00 00:00:00', '0000-00-00 00:00:00'),
(226, 15, 21, '0000-00-00 00:00:00', '0000-00-00 00:00:00'),
(227, 16, 21, '0000-00-00 00:00:00', '0000-00-00 00:00:00'),
(228, 17, 21, '0000-00-00 00:00:00', '0000-00-00 00:00:00'),
(229, 19, 21, '0000-00-00 00:00:00', '0000-00-00 00:00:00'),
(230, 20, 21, '0000-00-00 00:00:00', '0000-00-00 00:00:00'),
(231, 21, 21, '0000-00-00 00:00:00', '0000-00-00 00:00:00'),
(232, 22, 21, '0000-00-00 00:00:00', '0000-00-00 00:00:00'),
(233, 23, 21, '0000-00-00 00:00:00', '0000-00-00 00:00:00'),
(234, 24, 21, '0000-00-00 00:00:00', '0000-00-00 00:00:00'),
(235, 25, 21, '0000-00-00 00:00:00', '0000-00-00 00:00:00'),
(236, 26, 21, '0000-00-00 00:00:00', '0000-00-00 00:00:00'),
(237, 27, 21, '0000-00-00 00:00:00', '0000-00-00 00:00:00'),
(238, 28, 21, '0000-00-00 00:00:00', '0000-00-00 00:00:00'),
(239, 29, 21, '0000-00-00 00:00:00', '0000-00-00 00:00:00'),
(240, 13, 22, '0000-00-00 00:00:00', '0000-00-00 00:00:00'),
(241, 17, 22, '0000-00-00 00:00:00', '0000-00-00 00:00:00'),
(242, 28, 22, '0000-00-00 00:00:00', '0000-00-00 00:00:00'),
(243, 29, 22, '0000-00-00 00:00:00', '0000-00-00 00:00:00'),
(244, 13, 23, '0000-00-00 00:00:00', '0000-00-00 00:00:00'),
(245, 18, 23, '0000-00-00 00:00:00', '0000-00-00 00:00:00'),
(246, 21, 23, '0000-00-00 00:00:00', '0000-00-00 00:00:00'),
(247, 23, 23, '0000-00-00 00:00:00', '0000-00-00 00:00:00'),
(248, 29, 23, '0000-00-00 00:00:00', '0000-00-00 00:00:00'),
(249, 30, 23, '0000-00-00 00:00:00', '0000-00-00 00:00:00'),
(250, 13, 24, '0000-00-00 00:00:00', '0000-00-00 00:00:00'),
(251, 23, 24, '0000-00-00 00:00:00', '0000-00-00 00:00:00'),
(252, 13, 25, '0000-00-00 00:00:00', '0000-00-00 00:00:00'),
(253, 14, 25, '0000-00-00 00:00:00', '0000-00-00 00:00:00'),
(254, 18, 25, '0000-00-00 00:00:00', '0000-00-00 00:00:00'),
(255, 21, 25, '0000-00-00 00:00:00', '0000-00-00 00:00:00'),
(256, 28, 25, '0000-00-00 00:00:00', '0000-00-00 00:00:00'),
(257, 29, 25, '0000-00-00 00:00:00', '0000-00-00 00:00:00'),
(258, 14, 26, '0000-00-00 00:00:00', '0000-00-00 00:00:00'),
(259, 18, 26, '0000-00-00 00:00:00', '0000-00-00 00:00:00'),
(260, 28, 26, '0000-00-00 00:00:00', '0000-00-00 00:00:00'),
(261, 30, 26, '0000-00-00 00:00:00', '0000-00-00 00:00:00'),
(262, 15, 27, '0000-00-00 00:00:00', '0000-00-00 00:00:00'),
(263, 20, 27, '0000-00-00 00:00:00', '0000-00-00 00:00:00'),
(264, 30, 27, '0000-00-00 00:00:00', '0000-00-00 00:00:00'),
(265, 18, 28, '0000-00-00 00:00:00', '0000-00-00 00:00:00'),
(266, 20, 28, '0000-00-00 00:00:00', '0000-00-00 00:00:00'),
(267, 30, 28, '0000-00-00 00:00:00', '0000-00-00 00:00:00'),
(268, 13, 29, '0000-00-00 00:00:00', '0000-00-00 00:00:00'),
(269, 13, 30, '0000-00-00 00:00:00', '0000-00-00 00:00:00'),
(270, 14, 30, '0000-00-00 00:00:00', '0000-00-00 00:00:00'),
(271, 17, 30, '0000-00-00 00:00:00', '0000-00-00 00:00:00'),
(272, 18, 30, '0000-00-00 00:00:00', '0000-00-00 00:00:00'),
(273, 23, 30, '0000-00-00 00:00:00', '0000-00-00 00:00:00'),
(274, 29, 30, '0000-00-00 00:00:00', '0000-00-00 00:00:00'),
(275, 30, 30, '0000-00-00 00:00:00', '0000-00-00 00:00:00'),
(276, 18, 31, '0000-00-00 00:00:00', '0000-00-00 00:00:00'),
(277, 20, 31, '0000-00-00 00:00:00', '0000-00-00 00:00:00'),
(278, 30, 31, '0000-00-00 00:00:00', '0000-00-00 00:00:00'),
(279, 13, 32, '0000-00-00 00:00:00', '0000-00-00 00:00:00'),
(280, 18, 32, '0000-00-00 00:00:00', '0000-00-00 00:00:00'),
(281, 20, 32, '0000-00-00 00:00:00', '0000-00-00 00:00:00'),
(282, 13, 33, '0000-00-00 00:00:00', '0000-00-00 00:00:00'),
(283, 14, 33, '0000-00-00 00:00:00', '0000-00-00 00:00:00'),
(284, 18, 33, '0000-00-00 00:00:00', '0000-00-00 00:00:00'),
(285, 23, 33, '0000-00-00 00:00:00', '0000-00-00 00:00:00'),
(286, 27, 33, '0000-00-00 00:00:00', '0000-00-00 00:00:00'),
(287, 19, 34, '0000-00-00 00:00:00', '0000-00-00 00:00:00'),
(288, 20, 34, '0000-00-00 00:00:00', '0000-00-00 00:00:00'),
(289, 22, 34, '0000-00-00 00:00:00', '0000-00-00 00:00:00'),
(290, 30, 34, '0000-00-00 00:00:00', '0000-00-00 00:00:00'),
(291, 14, 35, '0000-00-00 00:00:00', '0000-00-00 00:00:00'),
(292, 21, 35, '0000-00-00 00:00:00', '0000-00-00 00:00:00'),
(293, 29, 35, '0000-00-00 00:00:00', '0000-00-00 00:00:00'),
(294, 12, 36, '0000-00-00 00:00:00', '0000-00-00 00:00:00'),
(295, 13, 36, '0000-00-00 00:00:00', '0000-00-00 00:00:00'),
(296, 14, 36, '0000-00-00 00:00:00', '0000-00-00 00:00:00'),
(297, 12, 37, '0000-00-00 00:00:00', '0000-00-00 00:00:00'),
(298, 25, 37, '0000-00-00 00:00:00', '0000-00-00 00:00:00'),
(299, 14, 38, '0000-00-00 00:00:00', '0000-00-00 00:00:00'),
(300, 15, 38, '0000-00-00 00:00:00', '0000-00-00 00:00:00'),
(301, 18, 38, '0000-00-00 00:00:00', '0000-00-00 00:00:00'),
(302, 27, 38, '0000-00-00 00:00:00', '0000-00-00 00:00:00');

-- --------------------------------------------------------

--
-- Estructura de tabla para la tabla `areaspropuestas`
--

CREATE TABLE `areaspropuestas` (
  `id` int(10) UNSIGNED NOT NULL,
  `area_id` int(10) UNSIGNED DEFAULT NULL,
  `propuesta_id` int(10) UNSIGNED DEFAULT NULL,
  `created_at` timestamp NOT NULL DEFAULT '0000-00-00 00:00:00',
  `updated_at` timestamp NOT NULL DEFAULT '0000-00-00 00:00:00'
) ENGINE=InnoDB DEFAULT CHARSET=utf8 COLLATE=utf8_unicode_ci;

--
-- Volcado de datos para la tabla `areaspropuestas`
--

INSERT INTO `areaspropuestas` (`id`, `area_id`, `propuesta_id`, `created_at`, `updated_at`) VALUES
(1, 2, 1, '0000-00-00 00:00:00', '0000-00-00 00:00:00'),
(2, 3, 1, '0000-00-00 00:00:00', '0000-00-00 00:00:00'),
(3, 3, 7, '0000-00-00 00:00:00', '0000-00-00 00:00:00'),
(4, 3, 9, '0000-00-00 00:00:00', '0000-00-00 00:00:00'),
(5, 4, 9, '0000-00-00 00:00:00', '0000-00-00 00:00:00'),
(6, 3, 10, '0000-00-00 00:00:00', '0000-00-00 00:00:00'),
(7, 4, 10, '0000-00-00 00:00:00', '0000-00-00 00:00:00'),
(8, 5, 11, '0000-00-00 00:00:00', '0000-00-00 00:00:00'),
(9, 5, 17, '0000-00-00 00:00:00', '0000-00-00 00:00:00'),
(10, 2, 18, '0000-00-00 00:00:00', '0000-00-00 00:00:00'),
(11, 3, 18, '0000-00-00 00:00:00', '0000-00-00 00:00:00'),
(12, 3, 19, '0000-00-00 00:00:00', '0000-00-00 00:00:00'),
(13, 4, 19, '0000-00-00 00:00:00', '0000-00-00 00:00:00'),
(14, 1, 26, '0000-00-00 00:00:00', '0000-00-00 00:00:00'),
(15, 3, 26, '0000-00-00 00:00:00', '0000-00-00 00:00:00'),
(16, 4, 26, '0000-00-00 00:00:00', '0000-00-00 00:00:00'),
(17, 8, 1, '0000-00-00 00:00:00', '0000-00-00 00:00:00'),
(18, 9, 2, '0000-00-00 00:00:00', '0000-00-00 00:00:00'),
(19, 7, 3, '0000-00-00 00:00:00', '0000-00-00 00:00:00'),
(20, 9, 3, '0000-00-00 00:00:00', '0000-00-00 00:00:00'),
(21, 6, 4, '0000-00-00 00:00:00', '0000-00-00 00:00:00'),
(22, 7, 4, '0000-00-00 00:00:00', '0000-00-00 00:00:00'),
(23, 10, 4, '0000-00-00 00:00:00', '0000-00-00 00:00:00'),
(24, 6, 5, '0000-00-00 00:00:00', '0000-00-00 00:00:00'),
(25, 7, 5, '0000-00-00 00:00:00', '0000-00-00 00:00:00'),
(26, 8, 5, '0000-00-00 00:00:00', '0000-00-00 00:00:00'),
(27, 6, 6, '0000-00-00 00:00:00', '0000-00-00 00:00:00'),
(28, 10, 6, '0000-00-00 00:00:00', '0000-00-00 00:00:00'),
(29, 8, 8, '0000-00-00 00:00:00', '0000-00-00 00:00:00'),
(30, 10, 8, '0000-00-00 00:00:00', '0000-00-00 00:00:00'),
(31, 8, 9, '0000-00-00 00:00:00', '0000-00-00 00:00:00'),
(32, 11, 9, '0000-00-00 00:00:00', '0000-00-00 00:00:00'),
(33, 10, 11, '0000-00-00 00:00:00', '0000-00-00 00:00:00'),
(34, 6, 12, '0000-00-00 00:00:00', '0000-00-00 00:00:00'),
(35, 6, 13, '0000-00-00 00:00:00', '0000-00-00 00:00:00'),
(36, 7, 13, '0000-00-00 00:00:00', '0000-00-00 00:00:00'),
(37, 8, 13, '0000-00-00 00:00:00', '0000-00-00 00:00:00'),
(38, 11, 13, '0000-00-00 00:00:00', '0000-00-00 00:00:00'),
(39, 8, 14, '0000-00-00 00:00:00', '0000-00-00 00:00:00'),
(40, 11, 14, '0000-00-00 00:00:00', '0000-00-00 00:00:00'),
(41, 7, 15, '0000-00-00 00:00:00', '0000-00-00 00:00:00'),
(42, 8, 16, '0000-00-00 00:00:00', '0000-00-00 00:00:00'),
(43, 6, 17, '0000-00-00 00:00:00', '0000-00-00 00:00:00'),
(44, 7, 17, '0000-00-00 00:00:00', '0000-00-00 00:00:00'),
(45, 10, 17, '0000-00-00 00:00:00', '0000-00-00 00:00:00'),
(46, 8, 19, '0000-00-00 00:00:00', '0000-00-00 00:00:00'),
(47, 11, 19, '0000-00-00 00:00:00', '0000-00-00 00:00:00'),
(48, 9, 21, '0000-00-00 00:00:00', '0000-00-00 00:00:00'),
(49, 10, 21, '0000-00-00 00:00:00', '0000-00-00 00:00:00'),
(50, 11, 22, '0000-00-00 00:00:00', '0000-00-00 00:00:00'),
(51, 10, 24, '0000-00-00 00:00:00', '0000-00-00 00:00:00'),
(52, 11, 24, '0000-00-00 00:00:00', '0000-00-00 00:00:00'),
(53, 11, 25, '0000-00-00 00:00:00', '0000-00-00 00:00:00'),
(54, 8, 26, '0000-00-00 00:00:00', '0000-00-00 00:00:00'),
(55, 18, 1, '0000-00-00 00:00:00', '0000-00-00 00:00:00'),
(56, 20, 2, '0000-00-00 00:00:00', '0000-00-00 00:00:00'),
(57, 17, 3, '0000-00-00 00:00:00', '0000-00-00 00:00:00'),
(58, 20, 3, '0000-00-00 00:00:00', '0000-00-00 00:00:00'),
(59, 14, 4, '0000-00-00 00:00:00', '0000-00-00 00:00:00'),
(60, 23, 4, '0000-00-00 00:00:00', '0000-00-00 00:00:00'),
(61, 14, 5, '0000-00-00 00:00:00', '0000-00-00 00:00:00'),
(62, 18, 5, '0000-00-00 00:00:00', '0000-00-00 00:00:00'),
(63, 30, 5, '0000-00-00 00:00:00', '0000-00-00 00:00:00'),
(64, 13, 6, '0000-00-00 00:00:00', '0000-00-00 00:00:00'),
(65, 23, 6, '0000-00-00 00:00:00', '0000-00-00 00:00:00'),
(66, 18, 9, '0000-00-00 00:00:00', '0000-00-00 00:00:00'),
(67, 18, 13, '0000-00-00 00:00:00', '0000-00-00 00:00:00'),
(68, 23, 13, '0000-00-00 00:00:00', '0000-00-00 00:00:00'),
(69, 27, 13, '0000-00-00 00:00:00', '0000-00-00 00:00:00'),
(70, 14, 17, '0000-00-00 00:00:00', '0000-00-00 00:00:00'),
(71, 13, 20, '0000-00-00 00:00:00', '0000-00-00 00:00:00'),
(72, 23, 20, '0000-00-00 00:00:00', '0000-00-00 00:00:00'),
(73, 20, 21, '0000-00-00 00:00:00', '0000-00-00 00:00:00'),
(74, 13, 22, '0000-00-00 00:00:00', '0000-00-00 00:00:00'),
(75, 23, 22, '0000-00-00 00:00:00', '0000-00-00 00:00:00'),
(76, 15, 23, '0000-00-00 00:00:00', '0000-00-00 00:00:00'),
(77, 13, 24, '0000-00-00 00:00:00', '0000-00-00 00:00:00'),
(78, 23, 24, '0000-00-00 00:00:00', '0000-00-00 00:00:00'),
(79, 23, 25, '0000-00-00 00:00:00', '0000-00-00 00:00:00');

-- --------------------------------------------------------

--
-- Estructura de tabla para la tabla `evaluaciones`
--

CREATE TABLE `evaluaciones` (
  `id` int(10) UNSIGNED NOT NULL,
  `sugerencia` varchar(255) COLLATE utf8_unicode_ci NOT NULL,
  `estado` enum('aprobado','reprobado') COLLATE utf8_unicode_ci DEFAULT NULL,
  `propuestajurado_id` int(10) UNSIGNED DEFAULT NULL
) ENGINE=InnoDB DEFAULT CHARSET=utf8 COLLATE=utf8_unicode_ci;

-- --------------------------------------------------------

--
-- Estructura de tabla para la tabla `evaluacionespreguntas`
--

CREATE TABLE `evaluacionespreguntas` (
  `id` int(10) UNSIGNED NOT NULL,
  `respuesta` varchar(255) COLLATE utf8_unicode_ci NOT NULL,
  `sino` enum('si','no') COLLATE utf8_unicode_ci DEFAULT NULL,
  `evaluacion_id` int(10) UNSIGNED DEFAULT NULL,
  `pregunta_id` int(10) UNSIGNED DEFAULT NULL,
  `created_at` timestamp NOT NULL DEFAULT '0000-00-00 00:00:00',
  `updated_at` timestamp NOT NULL DEFAULT '0000-00-00 00:00:00'
) ENGINE=InnoDB DEFAULT CHARSET=utf8 COLLATE=utf8_unicode_ci;

-- --------------------------------------------------------

--
-- Estructura de tabla para la tabla `jurados`
--

CREATE TABLE `jurados` (
  `id` int(10) UNSIGNED NOT NULL,
  `nombre` varchar(255) COLLATE utf8_unicode_ci NOT NULL,
  `email` varchar(255) COLLATE utf8_unicode_ci NOT NULL,
  `dni` int(11) NOT NULL,
  `telefono` int(15) NOT NULL,
  `cant` int(11) NOT NULL,
  `institucion` varchar(255) COLLATE utf8_unicode_ci NOT NULL,
  `created_at` timestamp NOT NULL DEFAULT '0000-00-00 00:00:00',
  `updated_at` timestamp NOT NULL DEFAULT '0000-00-00 00:00:00'
) ENGINE=InnoDB DEFAULT CHARSET=utf8 COLLATE=utf8_unicode_ci;

--
-- Volcado de datos para la tabla `jurados`
--

INSERT INTO `jurados` (`id`, `nombre`, `email`, `dni`, `telefono`, `cant`, `institucion`, `created_at`, `updated_at`) VALUES
(1, 'Edgardo Norberto Güichal', 'eguichal@uns.criba.edu.ar', 5497444, 0, 0, '', '0000-00-00 00:00:00', '0000-00-00 00:00:00'),
(2, 'Estela Sonia Aliendro', 'estelasoniaaliendro@gmail.com', 6163788, 0, 0, '', '0000-00-00 00:00:00', '0000-00-00 00:00:00'),
(3, 'Liliana Nitti', 'liliana.nitti@gmail.com', 10316855, 0, 0, '', '0000-00-00 00:00:00', '0000-00-00 00:00:00'),
(4, 'María Cristina Ahumada', 'dusito@yahoo.com.ar', 10493023, 0, 0, '', '0000-00-00 00:00:00', '0000-00-00 00:00:00'),
(5, 'Dilma Gladis Fregona', 'dilmafregona@gmail.com', 10561687, 0, 0, '', '0000-00-00 00:00:00', '0000-00-00 00:00:00'),
(6, 'José Orlando Araujo', 'araujo@exa.unicen.edu.ar', 10703051, 0, 0, '', '0000-00-00 00:00:00', '0000-00-00 00:00:00'),
(7, 'Liliana Mónica Saidon', 'lilianasaidon@gmail.com', 10964927, 0, 0, '', '0000-00-00 00:00:00', '0000-00-00 00:00:00'),
(8, 'María de las Mercedes Moya', 'maritamoyaster@gmail.com', 12712964, 0, 0, '', '0000-00-00 00:00:00', '0000-00-00 00:00:00'),
(9, 'Blanca Azucena Formeliano', 'blafor@hotmail.com', 12957172, 0, 0, '', '0000-00-00 00:00:00', '0000-00-00 00:00:00'),
(10, 'Cristina Egüez', 'criseguez@gmail.com', 12957345, 0, 0, '', '0000-00-00 00:00:00', '0000-00-00 00:00:00'),
(11, 'María de las Mercedes Ganim', 'mganim@herrera.unt.edu.ar', 13279881, 0, 0, '', '0000-00-00 00:00:00', '0000-00-00 00:00:00'),
(12, 'Camilo Alberto', 'jadur@unsa.edu.ar', 13541471, 0, 0, '', '0000-00-00 00:00:00', '0000-00-00 00:00:00'),
(13, 'Lilian Cadoche', 'lcadoche@fcv.unl.edu.ar', 13728573, 0, 0, '', '0000-00-00 00:00:00', '0000-00-00 00:00:00'),
(14, 'Silvia Pareja', 'silviaparejameire2007@yahoo.com.ar', 13845106, 0, 0, '', '0000-00-00 00:00:00', '0000-00-00 00:00:00'),
(15, 'Daniela Müller', 'danielammuller@gmail.com', 13911070, 0, 0, '', '0000-00-00 00:00:00', '0000-00-00 00:00:00'),
(16, 'Virginia Montoro', 'vmontoro@gmail.com', 14175990, 0, 0, '', '0000-00-00 00:00:00', '0000-00-00 00:00:00'),
(17, 'Angélica Elvira Astorga', 'aeastorga@hotmail.com', 14298062, 0, 0, '', '0000-00-00 00:00:00', '0000-00-00 00:00:00'),
(18, 'Florencia María Alurralde', 'florencialurralde@gmail.com', 14488325, 0, 0, '', '0000-00-00 00:00:00', '0000-00-00 00:00:00'),
(19, 'Cecilia Rita Crespo Crespo', 'crccrespo@gmail.com', 14952389, 0, 0, '', '0000-00-00 00:00:00', '0000-00-00 00:00:00'),
(20, 'Juan Carlos Rosales', 'jcrmodeling@gmail.com', 16169910, 0, 0, '', '0000-00-00 00:00:00', '0000-00-00 00:00:00'),
(21, 'Antonio Noé Sángari', 'asangari2000@gmail.com', 16334294, 0, 0, '', '0000-00-00 00:00:00', '0000-00-00 00:00:00'),
(22, 'Elisa Oliva', 'elisaoliva65@gmail.com', 16859216, 0, 0, '', '0000-00-00 00:00:00', '0000-00-00 00:00:00'),
(23, 'Sara Beatriz Scaglia', 'sbscaglia@gmail.com', 16932494, 0, 0, '', '0000-00-00 00:00:00', '0000-00-00 00:00:00'),
(24, 'Ana Cecilia Larrán', 'aclarran@gmail.com', 17182014, 0, 0, '', '0000-00-00 00:00:00', '0000-00-00 00:00:00'),
(25, 'Lidia Beatriz Esper', 'liesper@yahoo.com.ar', 17269028, 0, 0, '', '0000-00-00 00:00:00', '0000-00-00 00:00:00'),
(26, 'Nilda Graciela Méndez', 'nildagracielamendez@gmail.com', 17355621, 0, 0, '', '0000-00-00 00:00:00', '0000-00-00 00:00:00'),
(27, 'Héctor Nicolás Funes', 'hnfunes2007@gmail.com', 17574066, 0, 0, '', '0000-00-00 00:00:00', '0000-00-00 00:00:00'),
(28, 'Beatriz Susana Marrón', 'beatriz.marron@uns.edu.ar', 17594336, 0, 0, '', '0000-00-00 00:00:00', '0000-00-00 00:00:00'),
(29, 'Sandra Segura', 'ssegura@uncu.edu.ar', 17621155, 0, 0, '', '0000-00-00 00:00:00', '0000-00-00 00:00:00'),
(30, 'Marcel Pochulu', 'marcelpochulu@hotmail.com', 18512837, 0, 0, '', '0000-00-00 00:00:00', '0000-00-00 00:00:00'),
(31, 'Pablo Fabián Carranza', 'pcarranza@unrn.edu.ar', 18638235, 0, 0, '', '0000-00-00 00:00:00', '0000-00-00 00:00:00'),
(32, 'CELIA VILLAGRA', 'villagracelia@gmail.com', 21315322, 0, 0, '', '0000-00-00 00:00:00', '0000-00-00 00:00:00'),
(33, 'Mónica Micelli', 'monikmathis@gmail.com', 24170101, 0, 0, '', '0000-00-00 00:00:00', '0000-00-00 00:00:00'),
(34, 'Tolaba A Gustavo', 'agustavotolaba@gmail.com', 25802429, 0, 0, '', '0000-00-00 00:00:00', '0000-00-00 00:00:00'),
(35, 'Diego Luis Alberto', 'diegoalberto@exa.unsa.edu.ar', 28340200, 0, 0, '', '0000-00-00 00:00:00', '0000-00-00 00:00:00'),
(36, 'José Ignacio García ', 'joseigarciamath@gmail.com', 30175797, 0, 0, '', '0000-00-00 00:00:00', '0000-00-00 00:00:00'),
(37, 'Romina Melisa Arroyo', 'romina.arroyo@gmail.com', 31198912, 0, 0, '', '0000-00-00 00:00:00', '0000-00-00 00:00:00'),
(38, 'Mario Ubaldo Avila', 'marioavila390@gmail.com', 35166071, 0, 0, '', '0000-00-00 00:00:00', '0000-00-00 00:00:00');

-- --------------------------------------------------------

--
-- Estructura de tabla para la tabla `oferentes`
--

CREATE TABLE `oferentes` (
  `id` int(10) UNSIGNED NOT NULL,
  `nombre` varchar(255) COLLATE utf8_unicode_ci NOT NULL,
  `email` varchar(255) COLLATE utf8_unicode_ci NOT NULL,
  `dni` int(11) NOT NULL,
  `telefono` int(15) NOT NULL,
  `institucion` varchar(255) COLLATE utf8_unicode_ci NOT NULL,
  `created_at` timestamp NOT NULL DEFAULT '0000-00-00 00:00:00',
  `updated_at` timestamp NOT NULL DEFAULT '0000-00-00 00:00:00'
) ENGINE=InnoDB DEFAULT CHARSET=utf8 COLLATE=utf8_unicode_ci;

--
-- Volcado de datos para la tabla `oferentes`
--

INSERT INTO `oferentes` (`id`, `nombre`, `email`, `dni`, `telefono`, `institucion`, `created_at`, `updated_at`) VALUES
(1, 'Celia Elizabeth Villagra', 'villagracelia@gmail.com', 21315322, 0, '', '0000-00-00 00:00:00', '0000-00-00 00:00:00'),
(2, 'Edith Marcela Chorolque', 'marcelachorolque@gmail.com', 22688466, 0, '', '0000-00-00 00:00:00', '0000-00-00 00:00:00'),
(3, 'Noemí Paola Paz', 'paolapaz32@gmail.com', 31345127, 0, '', '0000-00-00 00:00:00', '0000-00-00 00:00:00'),
(4, 'Héctor Nicolás Funes', 'hnfunes2007@gmail.com', 17574066, 0, '', '0000-00-00 00:00:00', '0000-00-00 00:00:00'),
(5, 'María Cristina Ahumada', 'dusito@yahoo.com.ar', 10493023, 0, '', '0000-00-00 00:00:00', '0000-00-00 00:00:00'),
(6, 'Noelia Adriana Melisa Velásquez', 'noeliavelasq@gmail.com', 28534984, 0, '', '0000-00-00 00:00:00', '0000-00-00 00:00:00'),
(7, 'Jorge Eduardo Garzón ', 'jorgegrz@yahoo.com.ar', 14709118, 0, '', '0000-00-00 00:00:00', '0000-00-00 00:00:00'),
(8, 'Horacio Francisco Mayo', 'horacionakama@campus.unju.edu.ar', 33482656, 0, '', '0000-00-00 00:00:00', '0000-00-00 00:00:00'),
(9, 'Manuel Alberto Encalada', 'manualencalada@gmail.com', 21634641, 0, '', '0000-00-00 00:00:00', '0000-00-00 00:00:00'),
(10, 'María de las Mercedes Moya', 'maritamoyaster@gmail.com', 12712964, 0, '', '0000-00-00 00:00:00', '0000-00-00 00:00:00'),
(11, 'Mario Ubaldo Avila', 'marioavila390@gmail.com', 35166071, 0, '', '0000-00-00 00:00:00', '0000-00-00 00:00:00'),
(12, 'Ana Inés Cocilova', 'cocilova@uns.edu.ar', 27831752, 0, '', '0000-00-00 00:00:00', '0000-00-00 00:00:00'),
(13, 'Rafael Cornejo Endara', 'rcornejo@uns.edu.ar', 27407791, 0, '', '0000-00-00 00:00:00', '0000-00-00 00:00:00'),
(14, 'María Fernanda Lusente', 'mlusente@uns.edu.ar', 18277413, 0, '', '0000-00-00 00:00:00', '0000-00-00 00:00:00'),
(15, 'Maria I. Ciancio', 'miciancio@hotmail.com', 14138915, 0, '', '0000-00-00 00:00:00', '0000-00-00 00:00:00'),
(16, 'Elisa S. Oliva', 'elisaoliva65@gmail.com', 16859216, 0, '', '0000-00-00 00:00:00', '0000-00-00 00:00:00'),
(17, 'Vanesa Gallardo Lopez', 'vanesagallardol@gmail.com', 36254219, 0, '', '0000-00-00 00:00:00', '0000-00-00 00:00:00'),
(18, 'Estela Sonia Aliendro', 'estelasoniaaliendro@gmail.com', 6163788, 0, '', '0000-00-00 00:00:00', '0000-00-00 00:00:00'),
(19, 'Angélica Elvira Astorga', 'aeastorga@hotmail.com', 14298062, 0, '', '0000-00-00 00:00:00', '0000-00-00 00:00:00'),
(20, 'Juan Carlos Chaile', 'juanchaile2007@gmail.com', 20328355, 0, '', '0000-00-00 00:00:00', '0000-00-00 00:00:00'),
(21, 'Hugo Francisco Campos', 'camposfrancisco12@hotmail.com ', 22068493, 0, '', '0000-00-00 00:00:00', '0000-00-00 00:00:00'),
(22, 'Blanca Formeliano', 'blafor@hotmail.com', 12957172, 0, '', '0000-00-00 00:00:00', '0000-00-00 00:00:00'),
(23, 'Ivone Anahí Patagua', 'ivonepatagua@gmail.com', 27810783, 0, '', '0000-00-00 00:00:00', '0000-00-00 00:00:00'),
(24, 'Silvia Mabel Baspiñeiro', 'smbaspi@gmail.com', 26414661, 0, '', '0000-00-00 00:00:00', '0000-00-00 00:00:00'),
(25, 'Antonio Aparicio', 'email1@nulo.net ', 0, 0, '', '0000-00-00 00:00:00', '0000-00-00 00:00:00'),
(26, 'Maria Celeste Valdiviezo', 'maricel_val@hotmail.com', 25885013, 0, '', '0000-00-00 00:00:00', '0000-00-00 00:00:00'),
(27, 'Cecilia Luna', 'mcecilunna@gmail.com', 0, 0, '', '0000-00-00 00:00:00', '0000-00-00 00:00:00'),
(28, 'Adriana Diaz', 'adry_diaz1984@hotmail.com', 0, 0, '', '0000-00-00 00:00:00', '0000-00-00 00:00:00'),
(29, 'Verónica Flores Rocha', 'vfloresrocha@gmail.com', 92643294, 0, '', '0000-00-00 00:00:00', '0000-00-00 00:00:00'),
(30, 'Sandra Mariscal', 'svilardel@yahoo.com.ar', 20707122, 0, '', '0000-00-00 00:00:00', '0000-00-00 00:00:00'),
(31, 'Nélida Zulema Fonseca', 'nelidazfonseca@yahoo.com.ar', 20919626, 0, '', '0000-00-00 00:00:00', '0000-00-00 00:00:00'),
(32, 'Josefina Lávaque Fuentes ', 'josefinalavaque@hotmail.com', 17633665, 0, '', '0000-00-00 00:00:00', '0000-00-00 00:00:00'),
(33, ' Gloria de los Ángeles Geronimo', 'gloriangeles1@hotmail.com', 25801854, 0, '', '0000-00-00 00:00:00', '0000-00-00 00:00:00'),
(34, 'Silvia Ester Coria  ', 'silviaecoria@gmail.com', 23637106, 0, '', '0000-00-00 00:00:00', '0000-00-00 00:00:00'),
(35, 'Víctor Passmai', 'victor.passamai@gmail.com', 10582850, 0, '', '0000-00-00 00:00:00', '0000-00-00 00:00:00'),
(36, 'Mónica Barberá', 'monicabarbera88@gmail.com', 14488151, 0, '', '0000-00-00 00:00:00', '0000-00-00 00:00:00'),
(37, 'Mirna Muracciole', 'mirna.muracciole@gmail.com', 13686994, 0, '', '0000-00-00 00:00:00', '0000-00-00 00:00:00'),
(38, 'Gloria Edith Rodas', 'gloriarodas2803@gmail.com', 24604297, 0, '', '0000-00-00 00:00:00', '0000-00-00 00:00:00'),
(39, 'Ricardo Saúl Condori', 'saulcondori10@gmail.com', 37463233, 0, '', '0000-00-00 00:00:00', '0000-00-00 00:00:00'),
(40, 'Aldo Ramón Parra', 'aldoparra100668@gmail.com', 20386609, 0, '', '0000-00-00 00:00:00', '0000-00-00 00:00:00'),
(41, 'Argidio Alfredo Llampa', 'aallampa@gmail.com', 22211756, 0, '', '0000-00-00 00:00:00', '0000-00-00 00:00:00'),
(42, 'Héctor David Maturano Bera', 'davidmaturanoo@gmail.com', 35565745, 0, '', '0000-00-00 00:00:00', '0000-00-00 00:00:00'),
(43, 'Carina Rosana Renfijes', 'carisermat@gmail.com', 27096387, 0, '', '0000-00-00 00:00:00', '0000-00-00 00:00:00'),
(44, 'Claudia Mabel Sanconte', 'claudiamsanconte@hotmail.com', 26094110, 0, '', '0000-00-00 00:00:00', '0000-00-00 00:00:00'),
(45, 'Borjas, Mauricio Enrique', 'borjas.mauricioe@gmail.com', 35263499, 0, '', '0000-00-00 00:00:00', '0000-00-00 00:00:00'),
(46, 'Vilahur, Cristian Gabriel', 'gabrielvilahur@gmail.com', 37512018, 0, '', '0000-00-00 00:00:00', '0000-00-00 00:00:00'),
(47, 'Osedo, Emanuel Eduardo', 'puma.mau14@gmail.com', 36345590, 0, '', '0000-00-00 00:00:00', '0000-00-00 00:00:00'),
(48, 'Maribel del Rosario Casa', 'mrcasa@hotmail.com.ar', 28633123, 0, '', '0000-00-00 00:00:00', '0000-00-00 00:00:00'),
(49, 'Mariette Daher', 'susannedaher013@gmail.com', 0, 0, '', '0000-00-00 00:00:00', '0000-00-00 00:00:00'),
(50, 'Adriana Mercedes Quispe', 'mercedes5578@gmail.com', 26627136, 0, '', '0000-00-00 00:00:00', '0000-00-00 00:00:00'),
(51, 'Ceferina Sanchéz Arroyo', 'cefesan@yahoo.com', 0, 0, '', '0000-00-00 00:00:00', '0000-00-00 00:00:00'),
(52, 'Margarita Palma ', 'email2@nulo.net ', 14250697, 0, '', '0000-00-00 00:00:00', '0000-00-00 00:00:00'),
(53, 'Mirian Magarzo', 'email3@nulo.net ', 14302921, 0, '', '0000-00-00 00:00:00', '0000-00-00 00:00:00'),
(54, 'Jorge Correa', 'email4@nulo.net ', 20232841, 0, '', '0000-00-00 00:00:00', '0000-00-00 00:00:00'),
(55, 'Ignacio Ruiz Collivadino', 'ignaciogd_89@hotmail.com', 33970914, 0, '', '0000-00-00 00:00:00', '0000-00-00 00:00:00'),
(56, 'Julia Marlene Hurtado', 'julia_mhurtado@yahoo.com.ar', 21318636, 0, '', '0000-00-00 00:00:00', '0000-00-00 00:00:00'),
(57, 'Claudia M. Borre', 'cmborre@gmail.com', 0, 0, '', '0000-00-00 00:00:00', '0000-00-00 00:00:00'),
(58, 'José Vicente Giliberti', 'gilijv@gmail.com', 14865348, 0, '', '0000-00-00 00:00:00', '0000-00-00 00:00:00'),
(59, 'María Elena Mena', 'malepinty@gmail.com', 35306115, 0, '', '0000-00-00 00:00:00', '0000-00-00 00:00:00'),
(60, 'Pablo Fernando Quintana', 'pablofernando3094@gmail.com', 38212481, 0, '', '0000-00-00 00:00:00', '0000-00-00 00:00:00'),
(61, 'Lucas Josué Villagra', 'lucasjosuevillagra@gmail.com', 36128083, 0, '', '0000-00-00 00:00:00', '0000-00-00 00:00:00'),
(62, 'Antonio Noé Sángari', 'asangari2000@gmail.com', 16334294, 0, '', '0000-00-00 00:00:00', '0000-00-00 00:00:00'),
(63, 'Lucía de los Ángeles Reales Verón', 'lucyreales@gmail.com', 36803536, 0, '', '0000-00-00 00:00:00', '0000-00-00 00:00:00'),
(64, 'Marcos Dario Chañi', 'mat.marcos2.0@gmail.com', 34183936, 0, '', '0000-00-00 00:00:00', '0000-00-00 00:00:00'),
(65, 'Silvia Noemí Romero', 'email5@nulo.net ', 33002832, 0, '', '0000-00-00 00:00:00', '0000-00-00 00:00:00'),
(66, 'Diego Fernando Zerpa', 'email6@nulo.net ', 36487924, 0, '', '0000-00-00 00:00:00', '0000-00-00 00:00:00'),
(67, 'Gutierrez Marcela Daniela', 'email7@nulo.net ', 25776450, 0, '', '0000-00-00 00:00:00', '0000-00-00 00:00:00'),
(68, 'María Fernanda Vazquez', 'planmarab@gmail.com', 36130328, 0, '', '0000-00-00 00:00:00', '0000-00-00 00:00:00'),
(69, 'Beatriz josefina Solis Munguía', 'bea.sol.92@gmail.com', 36805754, 0, '', '0000-00-00 00:00:00', '0000-00-00 00:00:00'),
(70, 'Romero Silvia Noemí', 'email8@nulo.net ', 33002832, 0, '', '0000-00-00 00:00:00', '0000-00-00 00:00:00'),
(71, 'Mirtha Alejandra Vargas', 'alevargas49@gmail.com', 23243990, 0, '', '0000-00-00 00:00:00', '0000-00-00 00:00:00'),
(72, 'Maria Aparicio', 'marimary-a@hotmail.com', 21317269, 0, '', '0000-00-00 00:00:00', '0000-00-00 00:00:00');

-- --------------------------------------------------------

--
-- Estructura de tabla para la tabla `oferentespropuestas`
--

CREATE TABLE `oferentespropuestas` (
  `id` int(10) UNSIGNED NOT NULL,
  `propuesta_id` int(10) UNSIGNED DEFAULT NULL,
  `oferente_id` int(10) UNSIGNED DEFAULT NULL,
  `created_at` timestamp NOT NULL DEFAULT '0000-00-00 00:00:00',
  `updated_at` timestamp NOT NULL DEFAULT '0000-00-00 00:00:00'
) ENGINE=InnoDB DEFAULT CHARSET=utf8 COLLATE=utf8_unicode_ci;

--
-- Volcado de datos para la tabla `oferentespropuestas`
--

INSERT INTO `oferentespropuestas` (`id`, `propuesta_id`, `oferente_id`, `created_at`, `updated_at`) VALUES
(1, 1, 1, '0000-00-00 00:00:00', '0000-00-00 00:00:00'),
(2, 1, 2, '0000-00-00 00:00:00', '0000-00-00 00:00:00'),
(3, 1, 3, '0000-00-00 00:00:00', '0000-00-00 00:00:00'),
(4, 2, 4, '0000-00-00 00:00:00', '0000-00-00 00:00:00'),
(5, 2, 5, '0000-00-00 00:00:00', '0000-00-00 00:00:00'),
(6, 2, 6, '0000-00-00 00:00:00', '0000-00-00 00:00:00'),
(7, 2, 7, '0000-00-00 00:00:00', '0000-00-00 00:00:00'),
(8, 3, 8, '0000-00-00 00:00:00', '0000-00-00 00:00:00'),
(9, 3, 9, '0000-00-00 00:00:00', '0000-00-00 00:00:00'),
(10, 4, 10, '0000-00-00 00:00:00', '0000-00-00 00:00:00'),
(11, 4, 11, '0000-00-00 00:00:00', '0000-00-00 00:00:00'),
(12, 5, 12, '0000-00-00 00:00:00', '0000-00-00 00:00:00'),
(13, 5, 13, '0000-00-00 00:00:00', '0000-00-00 00:00:00'),
(14, 5, 14, '0000-00-00 00:00:00', '0000-00-00 00:00:00'),
(15, 6, 15, '0000-00-00 00:00:00', '0000-00-00 00:00:00'),
(16, 6, 16, '0000-00-00 00:00:00', '0000-00-00 00:00:00'),
(17, 6, 17, '0000-00-00 00:00:00', '0000-00-00 00:00:00'),
(18, 7, 18, '0000-00-00 00:00:00', '0000-00-00 00:00:00'),
(19, 7, 19, '0000-00-00 00:00:00', '0000-00-00 00:00:00'),
(20, 8, 20, '0000-00-00 00:00:00', '0000-00-00 00:00:00'),
(21, 8, 21, '0000-00-00 00:00:00', '0000-00-00 00:00:00'),
(22, 9, 22, '0000-00-00 00:00:00', '0000-00-00 00:00:00'),
(23, 9, 23, '0000-00-00 00:00:00', '0000-00-00 00:00:00'),
(24, 9, 24, '0000-00-00 00:00:00', '0000-00-00 00:00:00'),
(25, 9, 25, '0000-00-00 00:00:00', '0000-00-00 00:00:00'),
(26, 10, 26, '0000-00-00 00:00:00', '0000-00-00 00:00:00'),
(27, 10, 27, '0000-00-00 00:00:00', '0000-00-00 00:00:00'),
(28, 10, 28, '0000-00-00 00:00:00', '0000-00-00 00:00:00'),
(29, 11, 29, '0000-00-00 00:00:00', '0000-00-00 00:00:00'),
(30, 11, 30, '0000-00-00 00:00:00', '0000-00-00 00:00:00'),
(31, 12, 31, '0000-00-00 00:00:00', '0000-00-00 00:00:00'),
(32, 12, 32, '0000-00-00 00:00:00', '0000-00-00 00:00:00'),
(33, 12, 33, '0000-00-00 00:00:00', '0000-00-00 00:00:00'),
(34, 12, 34, '0000-00-00 00:00:00', '0000-00-00 00:00:00'),
(35, 13, 35, '0000-00-00 00:00:00', '0000-00-00 00:00:00'),
(36, 13, 36, '0000-00-00 00:00:00', '0000-00-00 00:00:00'),
(37, 14, 37, '0000-00-00 00:00:00', '0000-00-00 00:00:00'),
(38, 14, 38, '0000-00-00 00:00:00', '0000-00-00 00:00:00'),
(39, 15, 39, '0000-00-00 00:00:00', '0000-00-00 00:00:00'),
(40, 15, 40, '0000-00-00 00:00:00', '0000-00-00 00:00:00'),
(41, 15, 41, '0000-00-00 00:00:00', '0000-00-00 00:00:00'),
(42, 15, 42, '0000-00-00 00:00:00', '0000-00-00 00:00:00'),
(43, 16, 43, '0000-00-00 00:00:00', '0000-00-00 00:00:00'),
(44, 16, 44, '0000-00-00 00:00:00', '0000-00-00 00:00:00'),
(45, 17, 45, '0000-00-00 00:00:00', '0000-00-00 00:00:00'),
(46, 17, 46, '0000-00-00 00:00:00', '0000-00-00 00:00:00'),
(47, 17, 47, '0000-00-00 00:00:00', '0000-00-00 00:00:00'),
(48, 18, 48, '0000-00-00 00:00:00', '0000-00-00 00:00:00'),
(49, 18, 49, '0000-00-00 00:00:00', '0000-00-00 00:00:00'),
(50, 18, 50, '0000-00-00 00:00:00', '0000-00-00 00:00:00'),
(51, 18, 51, '0000-00-00 00:00:00', '0000-00-00 00:00:00'),
(52, 19, 32, '0000-00-00 00:00:00', '0000-00-00 00:00:00'),
(53, 19, 52, '0000-00-00 00:00:00', '0000-00-00 00:00:00'),
(54, 19, 53, '0000-00-00 00:00:00', '0000-00-00 00:00:00'),
(55, 19, 54, '0000-00-00 00:00:00', '0000-00-00 00:00:00'),
(56, 20, 55, '0000-00-00 00:00:00', '0000-00-00 00:00:00'),
(57, 20, 56, '0000-00-00 00:00:00', '0000-00-00 00:00:00'),
(58, 20, 57, '0000-00-00 00:00:00', '0000-00-00 00:00:00'),
(59, 20, 58, '0000-00-00 00:00:00', '0000-00-00 00:00:00'),
(60, 21, 59, '0000-00-00 00:00:00', '0000-00-00 00:00:00'),
(61, 21, 60, '0000-00-00 00:00:00', '0000-00-00 00:00:00'),
(62, 21, 61, '0000-00-00 00:00:00', '0000-00-00 00:00:00'),
(63, 22, 62, '0000-00-00 00:00:00', '0000-00-00 00:00:00'),
(64, 22, 63, '0000-00-00 00:00:00', '0000-00-00 00:00:00'),
(65, 23, 64, '0000-00-00 00:00:00', '0000-00-00 00:00:00'),
(66, 23, 65, '0000-00-00 00:00:00', '0000-00-00 00:00:00'),
(67, 23, 66, '0000-00-00 00:00:00', '0000-00-00 00:00:00'),
(68, 23, 67, '0000-00-00 00:00:00', '0000-00-00 00:00:00'),
(69, 24, 62, '0000-00-00 00:00:00', '0000-00-00 00:00:00'),
(70, 24, 63, '0000-00-00 00:00:00', '0000-00-00 00:00:00'),
(71, 24, 68, '0000-00-00 00:00:00', '0000-00-00 00:00:00'),
(72, 24, 69, '0000-00-00 00:00:00', '0000-00-00 00:00:00'),
(73, 25, 64, '0000-00-00 00:00:00', '0000-00-00 00:00:00'),
(74, 25, 66, '0000-00-00 00:00:00', '0000-00-00 00:00:00'),
(75, 25, 47, '0000-00-00 00:00:00', '0000-00-00 00:00:00'),
(76, 25, 70, '0000-00-00 00:00:00', '0000-00-00 00:00:00'),
(77, 26, 71, '0000-00-00 00:00:00', '0000-00-00 00:00:00'),
(78, 26, 72, '0000-00-00 00:00:00', '0000-00-00 00:00:00');

-- --------------------------------------------------------

--
-- Estructura de tabla para la tabla `preguntas`
--

CREATE TABLE `preguntas` (
  `id` int(10) UNSIGNED NOT NULL,
  `pregunta` varchar(1000) COLLATE utf8_unicode_ci NOT NULL,
  `created_at` timestamp NOT NULL DEFAULT '0000-00-00 00:00:00',
  `updated_at` timestamp NOT NULL DEFAULT '0000-00-00 00:00:00'
) ENGINE=InnoDB DEFAULT CHARSET=utf8 COLLATE=utf8_unicode_ci;

--
-- Volcado de datos para la tabla `preguntas`
--

INSERT INTO `preguntas` (`id`, `pregunta`, `created_at`, `updated_at`) VALUES
(1, 'El trabajo, ¿incluye resolución de problemas o demostraciones matemáticas o aplicaciones de la Matemática?', '0000-00-00 00:00:00', '0000-00-00 00:00:00'),
(2, 'El resumen, ¿es explicativo de la propuesta?', '0000-00-00 00:00:00', '0000-00-00 00:00:00'),
(3, '¿Hay coherencia entre objetivos, contenidos y actividades?', '0000-00-00 00:00:00', '0000-00-00 00:00:00'),
(4, 'Los contenidos, ¿son correlativos con los requisitos previos?', '0000-00-00 00:00:00', '0000-00-00 00:00:00'),
(5, 'La metodología, ¿es la correspondiente a un taller? ', '0000-00-00 00:00:00', '0000-00-00 00:00:00'),
(6, 'Las actividades, ¿pueden desarrollarse en las horas asignadas para el taller?', '0000-00-00 00:00:00', '0000-00-00 00:00:00'),
(7, 'El marco teórico, ¿es pertinente a la metodología establecida y a los contenidos a desarrollar?', '0000-00-00 00:00:00', '0000-00-00 00:00:00'),
(8, 'La bibliografía, ¿es pertinente?', '0000-00-00 00:00:00', '0000-00-00 00:00:00'),
(9, 'El taller, ¿aporta a la enseñanza de la Matemática?', '0000-00-00 00:00:00', '0000-00-00 00:00:00'),
(10, '¿Se han detectado errores de concepto?', '0000-00-00 00:00:00', '0000-00-00 00:00:00');

-- --------------------------------------------------------

--
-- Estructura de tabla para la tabla `propuestas`
--

CREATE TABLE `propuestas` (
  `id` int(10) UNSIGNED NOT NULL,
  `abstract` varchar(3000) COLLATE utf8_unicode_ci NOT NULL,
  `documento` varchar(255) COLLATE utf8_unicode_ci NOT NULL,
  `fecha_compromiso` datetime NOT NULL,
  `titulo` varchar(512) COLLATE utf8_unicode_ci NOT NULL,
  `titcorto` varchar(255) COLLATE utf8_unicode_ci NOT NULL,
  `pedidos` varchar(255) COLLATE utf8_unicode_ci NOT NULL,
  `prerequisito` varchar(255) COLLATE utf8_unicode_ci NOT NULL,
  `cupo` int(11) NOT NULL,
  `estado` enum('aceptado','rechazado') COLLATE utf8_unicode_ci DEFAULT NULL,
  `created_at` timestamp NOT NULL DEFAULT '0000-00-00 00:00:00',
  `updated_at` timestamp NOT NULL DEFAULT '0000-00-00 00:00:00'
) ENGINE=InnoDB DEFAULT CHARSET=utf8 COLLATE=utf8_unicode_ci;

--
-- Volcado de datos para la tabla `propuestas`
--

INSERT INTO `propuestas` (`id`, `abstract`, `documento`, `fecha_compromiso`, `titulo`, `titcorto`, `pedidos`, `prerequisito`, `cupo`, `estado`, `created_at`, `updated_at`) VALUES
(1, 'Los estudiantes tienen dificultades tanto operativas como conceptuales en la adquisición de la estructuras numérica de los Enteros. Por lo general son producto de los obstáculos vinculados con la comprensión de los números negativos y del cero. En este taller se pretende reflexionar sobre los errores frecuentes cuando los alumnos operan o resuelven ecuaciones con números enteros y a partir de ellos analizar y reconocer los obstáculos que los provocan. También se brindará espacio para la experimentación con modelos concretos y abstractos, analizando la pertinencia o no de la incorporación de los mismos en el aula. De esta manera se buscará acordar algunos puntos de partida para la apropiación de las nociones vinculadas a los números enteros, enfatizando la importancia del cero y de la negatividad, como elementos fundamentales en la construcción del concepto de número signado que también influye sobre la capacidad en el manejo del lenguaje algebraico.', 'https://drive.google.com/open?authuser=0&usp=forms_web&id=1xSiaLdS4-T2LacVX4eNHcvwN7BCZwTby\r\n', '0000-00-00 00:00:00', 'La importancia de las nociones de negatividad y del cero en la enseñanza de los números enteros.', '', 'El mobiliario del aula debe permitir el trabajo en grupo.', 'Conocimientos básicos sobre propiedades y operatoria con números enteros.', 50, NULL, '0000-00-00 00:00:00', '0000-00-00 00:00:00'),
(2, 'Enseñar Probabilidad es un desafío interesante para el docente de cualquier nivel educativo. Inicialmente, esta disciplina presenta distintas definiciones, generando diversos caminos para su estudio. \r\nLos tipos de experimentos, generan distintos tipos de espacios. En el nivel medio es más usual trabajar el espacio de probabilidad discreto finito, que en el caso de uniformidad nos lleva al uso de la regla de Laplace. \r\nSin embargo, nuestra propuesta es trabajar con espacios de probabilidad infinitos no numerable, que en el caso de uniformidad usa medidas geométricas para el cálculo. \r\nEl tratamiento de la enseñanza de la probabilidad en forma experimental puede proporcionar al alumno una experiencia estocástica [Batanero, 2005] por lo que buscamos experiencias que relacionen la geometría, el álgebra y la probabilidad con manipulación de materiales concretos o simulaciones en la computadora. \r\nAsí, el taller propone explorar problemas de probabilidad geométrica, interesantes, conceptualmente claros, y de análisis relativamente simple.', 'https://drive.google.com/open?authuser=0&usp=forms_web&id=1MKRWTu4fjVAP6dsQtmkl8vB7xO6SQE6t\r\n', '0000-00-00 00:00:00', 'Construcciones al azar', '', 'Mesadas para que trabajen con sus notebooks', 'Construcción de triángulos con regla y compás, dados sus lados, sus alturas, sus medianas o combinaciones de esos elementos. Nociones de probabilidad.', 40, NULL, '0000-00-00 00:00:00', '0000-00-00 00:00:00'),
(3, 'El presente taller es introductorio. El objetivo es dotar a los concurrentes de los conocimientos básicos teóricos y prácticos de programación y su empleo para la estadística y la resolución de problemas matemáticos y geométricos.', 'https://drive.google.com/open?authuser=0&usp=forms_web&id=1uybURyPegLM-bbReD-6N7mS5n-S_OeLo\r\n', '0000-00-00 00:00:00', 'Introducción a la programación relacionada con la Matemática y Estadística', '', 'Material audiovisual (Proyector, tmb llamado cañon) y conección a internet (para la instalación de software, no es esencial pero ahorraría mucho tiempo)', 'Uso de computadora nivel medio: (Operador de Pc: abrir una archivo, encontrar una carpeta, renombrar archivos, etc,, Microsoft Office: Excel, manejo de archivos xls, xlsx, csv, etc.) (El profesor realizará la clase asumiendo que los concurrentes dominan e', 15, NULL, '0000-00-00 00:00:00', '0000-00-00 00:00:00'),
(4, 'En este taller se desea reflexionar sobre el uso del material multimedia, como medio enriquecedor para el aprendizaje y la enseñanza ubicua de la matemática. Se reflexionará en base a problemas generados a partir de la visualización de materiales multimedia elegidos adecuadamente. La resolución de problemas se efectuará utilizando diferentes marcos y con el acompañamiento de recursos complementarios. También se propiciará un espacio para la generación de nuevas situaciones problemáticas posibles de ser resueltas a partir de materiales multimedia. \r\nAsumiendo que el docente puede y debe ser capaz de producir sus propios materiales, se explorarán herramientas de edición de videos. De este modo el cursante puede generar ideas que le permitan crear materiales multimedia, que luego pueda utilizar en el salón de clases para la enseñanza de la matemática.', 'https://drive.google.com/open?authuser=0&usp=forms_web&id=1B37qEeNwSAh363OEK-Ipw91FgChGzNx6\r\n', '0000-00-00 00:00:00', 'Multimedia para enseñar y aprender Matemática', '', 'Los docentes requieren de los siguientes materiales para el dictado del Taller: Proyector de Diapositivas, Pantalla para proyectar, Parlantes, Internet', 'Métodos básicos de integración de funciones de variable real.   Ecuación General de la Elipse.  Construcciones básicas con el software GeoGebra. ', 30, NULL, '0000-00-00 00:00:00', '0000-00-00 00:00:00'),
(5, 'El propósito del taller es construir, en forma colaborativa, Tecnologías para la Enseñanza, que pongan el foco en el uso del problema como medio didáctico que posibilita el quehacer matemático dentro de las aulas. Para alcanzar este propósito, se desarrollará un proceso de planificación basado en la metodología de la Ingeniería Didáctica. Se promoverá la reflexión colectiva acerca de la importancia de que los alumnos se involucren en los procesos propios del quehacer matemático. ', 'https://drive.google.com/open?authuser=0&usp=forms_web&id=1QZrmqOjv24Ccw4lYJNqyksp0fx6K9dsS\r\n', '0000-00-00 00:00:00', 'Más allá de la resolución de problemas: generando hipótesis de trabajo áulico', '', 'Aula con pizarrones, proyector y cañón', 'Conocimientos sobre el contenido funciones', 40, NULL, '0000-00-00 00:00:00', '0000-00-00 00:00:00'),
(6, 'El aprendizaje y manejo de Geogebra se logra en poco tiempo, y con él se pueden obtener construcciones muy atractivas. Con el fin de familiarizar al docente en la utilización del software, se plantean guías prácticas para iniciarse en su uso, así como varias técnicas y estrategias que pueden resultar de utilidad para generar actividades para implementar  con sus alumnos. \r\nGeogebra sirve de puente, para generar cambios en las metodologías tradicionales y hacer un aprendizaje de la matemática más dinámico, dado que permite proponer actividades de investigación y experimentación en diferentes niveles educativos, y desarrollar  actividades que involucren  propuestas de investigación, reflexión, descubrimiento, formalización, contando con el adecuado manejo de los contenidos que se van abordar. Motivo por el cual los participantes a este Taller deberán  conocer y manipular contenidos de Álgebra Lineal y Geometría Analítica en el Plano.', 'https://drive.google.com/open?authuser=0&usp=forms_web&id=1MCrdl9CXE9CrMS78peeIxKzFOcp7ZuFU\r\n', '0000-00-00 00:00:00', 'GEOGEBRA PARA CONSTRUIR APRENDIZAJES DINÁMICOS EN MATEMÁTICA', '', 'Laboratorio de informática PC con instalación de geogebra', 'Geometría Analítica en el plano y álgebra lineal', 25, NULL, '0000-00-00 00:00:00', '0000-00-00 00:00:00'),
(7, 'El taller se ofrece para que los docentes que asistan realicen una práctica intensa y asistida del análisis didáctico de una situación problemática. Sabemos que esta se propone para que los estudiantes logren, a partir de sus conocimientos previos, construir un objeto o procedimiento matemático. Sin embargo, en la mayoría de los casos, este fin no se alcanza. Uno de las explicaciones que pueden darse  es que no todos los conocimientos previos han sido debidamente aprehendidos. En general se ha priorizado la rutinización de procedimientos (con carencias de significación y sentido) en desmedro de los conceptos. Se procura que los asistentes reflexionen sobre las condiciones didácticas que han determinado ese marco de adquisición de prerrequisitos para lograr la construcción de nuevos conocimientos.', 'https://drive.google.com/open?authuser=0&usp=forms_web&id=15YgHnTemsIfY8CBv3uDRYjbZiOSvZG1s\r\n', '0000-00-00 00:00:00', 'Deshojando marg ..., digo problemas', '', 'Aulas que permitan el trabajo en equipo (sillas movibles). Cañón para proyección desde una notebook. Fibrones de distintos colores para pizarrón y borrador.', 'Conocimiento de los contenidos mínimos de nivel primario y de los diseños curriculares del nivel primario.', 25, NULL, '0000-00-00 00:00:00', '0000-00-00 00:00:00'),
(8, 'Las TIC ofrecen  en la enseñanza de la Matemática, la oportunidad de generar actividades innovadoras orientadas al constructivismo.  La combinación de notebook y celular, con  Geogebra y Whatsapp, permiten al docente que sus alumnos tengan un contacto directo con la matemática, extendiendo los tiempos, accediendo a situaciones matemáticas, mediante la modelización, en lugares y grupos diferentes de los de escuela, hacen que el sentido de la matemática se re-signifique. \r\nEl objetivo principal es debatir sobre qué se consideran actividades innovadoras en la enseñanza y aprendizaje de la matemática, construir una situación didáctica con TIC, considerar algunos criterios surgidos de nuestra experiencia y de aportes teóricos, buscando que se produzca una significación dentro y fuera del aula. Se espera que los participantes formulen situaciones con los elementos propuestos para generar en los alumnos una actitud activa frente al quehacer matemático, principal desafío de los docentes que usan TIC.', 'https://drive.google.com/open?authuser=0&usp=forms_web&id=1MvRWO-TshEMj48sjbvWerR89_rz087dF\r\n', '0000-00-00 00:00:00', 'Matemática portable: una mirada constructivista', '', 'Conexión a Internet con Wifi', 'El participante  debe contar con los siguientes conocimientos básicos: Manejo de Windows 7,  8.1 ó 10. Geogebra como entorno geométrico y algebraico. Whatsapp como aplicación de mensajería de envío de archivos y documentos. Conexiones a redes inalámbricas', 20, NULL, '0000-00-00 00:00:00', '0000-00-00 00:00:00'),
(9, 'Diversas investigaciones y operativos de evaluación en matemática han mostrado, sin embargo, que el desarrollo de las capacidades para el razonamiento proporcional es insatisfactoria en la población en general. Lo cual plantea que estas cuestiones carecen de sentido o significado en las escuelas.\r\nEn este taller se pretende que los docentes reflexionen entorno a la enseñanza de la proporcionalidad, saber que se contempla tanto en la Educación Primaria como la Educación Secundaria. ', 'https://drive.google.com/open?authuser=0&usp=forms_web&id=1KhNU2hPt0iXsV-75PyQaJIMFCxHsVPdn\r\n', '0000-00-00 00:00:00', 'ARTICULACIÓN PRIMARIA – SECUNDARIA:  Relaciones entre la Proporcionalidad y la semajenza', '', 'No', 'Polígonos Convexos: Concepto. Elementos. Propiedades según lados y ángulos. Perímetro.', 60, NULL, '0000-00-00 00:00:00', '0000-00-00 00:00:00'),
(10, 'El estudio de las propiedades geométricas y la argumentación en las clases de matemática ha ido perdiendo espacio en la enseñanza escolar.  Es por ello que en este taller nos ocuparemos de afianzar el trabajo de los Profesores de la escuela primaria y la enseñanza con base en la argumentación, en las clases de Geometría.', 'https://drive.google.com/open?authuser=0&usp=forms_web&id=1PED4dkzOLWn0wdKtOlfB-24nECrrr5-L\r\n', '0000-00-00 00:00:00', 'La argumentación en la clase de Geometría', '', 'Proyector (data display) ', 'Conceptos básicos de Geometría', 60, NULL, '0000-00-00 00:00:00', '0000-00-00 00:00:00'),
(11, 'Este taller está orientado a compartir una nueva propuesta de aprendizaje donde se aborda aplicaciones de la Matemática mostradas en una nueva herramienta TIC en el marco de la web como es el Padlet. Consideramos que es de suma utilidad a la hora de realizar aprendizajes colaborativos dentro de lo que siempre preguntan: ¿Para qué nos sirve este tema? Dejemos que los estudiantes sean los protagonistas y permitámosle mostrarnos todas sus competencias de una manera mucho más cercana al contexto donde se relacionan los adolescentes. También orientamos este taller en el marco de los requerimientos del Ministerio de Educación en busca de una mejora en la calidad educativa de la enseñanza de la Matemática y sus aplicaciones, haciendo uso de las nuevas tecnologías.', 'https://drive.google.com/open?authuser=0&usp=forms_web&id=1ccQRrxKycnJXXTdWcsn3Pn9e7I0kLQVK\r\n', '0000-00-00 00:00:00', '¿Cómo socializar aplicaciones matemáticas en espacios compartidos?', '', 'Proyector y sala de informática', 'Acceso a la web', 25, NULL, '0000-00-00 00:00:00', '0000-00-00 00:00:00'),
(12, 'En este taller se trabajará en torno a una propuesta de enseñanza del álgebra  basada en  resolución de problemas significativos. Con una enseñanza del álgebra que atienda exclusivamente a la manipulación de símbolos en forma descontextualizada  desde un inicio se corre el riesgo de perder el sentido, dando lugar a una manipulación mecánica desprovista de comprensión, y de obstruir el uso del álgebra como herramienta en la resolución de problemas. Los objetivos del taller  son la reflexión sobre las prácticas de enseñanza de contenidos algebraicos, el análisis didáctico de  situaciones problemáticas, y la elaboración de  actividades de que servirán como material para trabajar en las aulas. ', 'https://drive.google.com/open?authuser=0&usp=forms_web&id=1V73qRNbk9GipnG9GqUXyRb8lkLFgN1rd\r\n', '0000-00-00 00:00:00', 'Problemas algebraicos en el nivel medio', '', 'cañon', 'Figuras geométricas. Propiedades de las figuras geométricas .Perímetro de figuras y área de figuras. Teorema de Pitágoras. Lenguaje algebraico: expresiones algebraicas. Operaciones. ', 30, NULL, '0000-00-00 00:00:00', '0000-00-00 00:00:00'),
(13, 'Este taller presenta a discusión y formulación los conocimientos mínimos imprescindibles a los que hay que acceder para tener éxito con las ciencias e ingenierías. Abarca la gramática elemental, aritmética, geometría, técnicas de estudio y cómo resolver problemas.', 'https://drive.google.com/open?authuser=0&usp=forms_web&id=13x0zMN_v5qOPrc5JolIZ47GPSOOv9BV8\r\n', '0000-00-00 00:00:00', 'Recreando y recuperando el conocimiento', '', 'Data display, marcadores, borrador, pizarra.', '1. Saber leer y escribir en castellano como se habla en Salta. 2. Comprometerse a no faltar a las clases y llegar a horario. 3. Cursar alguna carrera en la UNSa, hacerlo a partir del año próximo o ser docente de los niveles secundario-universitario.', 60, NULL, '0000-00-00 00:00:00', '0000-00-00 00:00:00'),
(14, 'Probablemente el aprendizaje basado en la resolución de problemas sea uno de los mejores ejemplos de un entorno de aprendizaje constructivista. (Savery y Duffy. 1995). Desde hace algunas décadas, las corrientes didácticas tomadas por los diseños curriculares, propician enseñar matemáticas a través de la resolución de problemas. Es por esto que proponemos este curso para que los participantes puedan vivir la experiencia de construir conceptos a partir de la resolución de problemas en entornos geométricos. Para que ellos sean un instrumento real de aprendizaje de la matemática, deben ser significativos en el sentido de que los alumnos puedan ligarlos a conocimientos y experiencias previas, planteados en contextos realistas, en lo posible, de modo tal que el alumno sienta interés en resolverlos. \r\nEl motivo que nos lleva a trabajar en la resolución de problemas, es que permite a los alumnos, realizar trabajos matemáticos tales como: comparar, conjeturar, validar, relacionar, comunicar, etc, que son capacidades necesarias, no solo en ámbitos matemáticos sino en todos los aspectos y ámbitos de su vida.\"\"', 'https://drive.google.com/open?authuser=0&usp=forms_web&id=16dKEPAlPw6kLuSdE9Iq7NmtBH7TmVcVl\r\n', '0000-00-00 00:00:00', 'Construyendo conceptos desde la Geometría', '', 'Pizarra, elementosde geometria para pizarra, acceso a internet', 'Contenidos básicos de geometría.', 30, NULL, '0000-00-00 00:00:00', '0000-00-00 00:00:00'),
(15, 'El presente taller se orienta principalmente a que los asistentes adquieran herramientas y construyan estrategias para abordar problemas referidos al cálculo integral.\r\nSe cree que, en general, los conceptos que en este taller se proponen, son estudiados y analizados con un bajo grado de profundidad en la formación inicial y continua de los profesores de matemática, limitando, de esta manera, la disposición de herramientas para el diseño de proyectos de enseñanza que sean aplicables en el aula. \r\nCobra relevancia el uso flexible de las formas de representar los procesos variacionales: mediante el uso de la lengua natural, la comprensión de las representaciones gráficas, el acercamiento numérico y lo algebraico. \r\nEste taller pretende fomentar los métodos de trabajo propios del campo analítico e impulsar el uso de GeoGebra como recurso de aula en el aprendizaje y enseñanza del área.\"', 'https://drive.google.com/open?authuser=0&usp=forms_web&id=1gQDXmgUBFQ83OJdAHrjMtDVsISufcd90\r\n', '0000-00-00 00:00:00', 'Estrategias y herramientas para el abordaje del cálculo integral', '', 'Software GeoGebra', 'Nociones básicas de cálculo diferencial e integral. Uso básico de software GeoGebra.', 20, NULL, '0000-00-00 00:00:00', '0000-00-00 00:00:00'),
(16, 'El presente taller tiene como finalidad iniciar la exploración de una idea para transponer algunos saberes relacionados con las fracciones: las razones y las proporciones, resolviendo situaciones problemáticas que los involucren, alcanzando a través de los mismos definir la semejanza de algunas figuras geométricas. El objetivo es estudiar la problemática didáctica en torno a la semejanza, en particular a las cuestiones ligadas al uso del Tangram, recurriendo a los conocimientos previos que se poseen acerca de las figuras: cuadrado y rectángulo y de las engendradas a partir de ellas, estableciendo la proporcionalidad de segmentos y la relación de estos conceptos con la semejanza.\r\nEl diseño de la propuesta didáctica se presenta en el marco de la Teoría de las Situaciones didácticas de Brousseau, organizando las diferentes fases de acción, formulación, validación e institucionalización planteando un modelo de enseñanza centrado en la construcción del saber por parte del estudiante.', 'https://drive.google.com/open?authuser=0&usp=forms_web&id=1stL95_VikTj0L0vI1lnoTaZ4cy3Bto-8\r\n', '0000-00-00 00:00:00', 'La razón y la proporción en el Tangram: un camino a la semejanza', '', 'No', '', 30, NULL, '0000-00-00 00:00:00', '0000-00-00 00:00:00'),
(17, 'Este taller ofrece un aporte, con el soporte informático GeoGebra, para la visualización de algunos conceptos del tema sucesiones numéricas. Haciendo uso de la potencialidad del recurso, en forma guiada y exploratoria apuntando a la “conversión” y el “tratamiento” en sus diferentes representaciones y lograr construcciones enriquecedoras en el grupo.', 'https://drive.google.com/open?authuser=0&usp=forms_web&id=1YvHxMT81aAcPl7o0Qq2GFZpKN6146m7X\r\n', '0000-00-00 00:00:00', 'Enseñanza del Tema Sucesiones utilizando las Computadoras', '', 'Recursos solicitados: Sala de informática y data display. IMPORTANTE: Los usuarios del taller deberán contar previamente con un archivo que se proveerá a los responsables de la sala para que se graben en cada máquina, desde allí se realizará los trabajos ', 'Relaciones - Funciones - Sucesiones.', 25, NULL, '0000-00-00 00:00:00', '0000-00-00 00:00:00'),
(18, 'El sentido y significado que los estudiantes puedan darle a una operación aritmética, deriva tanto de las situaciones que pueden resolver con ella como de las propiedades y representaciones asociadas a la misma, más que solo aprender el algoritmo. En particular, aprender a dividir involucra la identificación de los problemas que se resuelven con la división como el reconocimiento de los recursos que permiten obtener resultados pertinentes. \r\nDesde este taller se propone implementar una variedad de problemas, que se pueden presentar a los estudiantes para ir sentando las bases que los guíen en el razonamiento de los significados de la división. La idea no es enseñar a dividir sino ponerlo en contacto con situaciones que le permitan movilizar nuevos procesos cognitivos y estrategias de resolución, tomando como punto de partida los saberes construidos hasta el momento.', 'https://drive.google.com/open?authuser=0&usp=forms_web&id=1arLba3zq8n2m4vs9ay77yDXFVce5ShdU\r\n', '0000-00-00 00:00:00', 'La enseñanza de la división', '', 'Recursos necesarios: retroproyector, prolongadores, notebook.', 'Números Naturales. Suma y resta.', 50, NULL, '0000-00-00 00:00:00', '0000-00-00 00:00:00'),
(19, 'El taller tiene el propósito brindar a los docentes un espacio para reflexionar alrededor de propuestas didácticas para las Construcciones geométricas – Articulación Primaria y Secundaria, que aborda la enseñanza de la geometría en la escuela primaria y el nivel secundario, se sostiene la importancia de un trabajo con las figuras en el segundo ciclo, que avance más allá del uso de la percepción y la manipulación de los objetos. Las actividades propuestas en este taller, están centradas en la construcción de figuras, promueven la anticipación de los alumnos, y permiten el establecimiento de relaciones entre distintos elementos de las figuras, con esta finalidad en el taller se creará espacios para compartir estrategias de enseñanza, reflexionar sobre la puesta en práctica y socializar otras concepciones para la enseñanza del tema.', 'https://drive.google.com/open?authuser=0&usp=forms_web&id=1eVA_aPVrqoMmsg9U18ho038WPuzi5ZuY\r\n', '0000-00-00 00:00:00', 'Propuestas Didácticas para las construcciones geométricas: Triángulos', '', 'Cañón ', 'Geometría: Figuras geométricas y sus elementos. Propiedades de las figuras geométricas. Construcción de figuras geométricas con regla y compás.  Medida: área y perímetro. ', 35, NULL, '0000-00-00 00:00:00', '0000-00-00 00:00:00'),
(20, 'En este Taller se desarrollará el tema: Superficies Cuádricas, incorporando el software de geometría dinámica Geogebra como herramienta auxiliar. Se realizará una presentación de los comandos básicos que se requerirán para la ejecución de las actividades planteadas. Se llevarán a cabo ejercicios básicos de identificación de las diferentes cuádricas, graficándolas luego con el Geogebra para una mejor visualización, ya que una de las grandes dificultades que afrontan los estudiantes de matemática, es la realización de gráficas en tres dimensiones. También se pretende mostrar de una manera gráfica y dinámica, las diferentes trazas que se pueden realizar sobre una superficie cuádrica, cuando ésta  es intersecada por un plano paralelo a alguno de los planos coordenados. En todos los casos se realizará la verificación de los resultados que se obtengan de los ejercicios a realizar. También se llevarán a cabo actividades de demostración de diferentes conceptos sobre el tema.\"', 'https://drive.google.com/open?authuser=0&usp=forms_web&id=1mvlrc42pFKu9xYbsIdjSii7T0ZHRLUlk\r\n', '0000-00-00 00:00:00', 'Superficies Cuádricas con Geogebra', '', 'Pc con Geogebra 5.0 o posterior y proyector', 'Conocimientos de Álgebra Vectorial y Geometría Analítica, específicamente los temas cónicas y cuádricas. Conocimientos básicos de Geogebra. ', 30, NULL, '0000-00-00 00:00:00', '0000-00-00 00:00:00'),
(21, 'Enseñar probabilidad mediante los juegos de azar es una de las actividades más divertidas dentro de la clase de matemática y consideramos que podemos mejorar aún más esta estrategia introduciendo juegos originales para que de esta manera, el concepto de probabilidad se adquiera en su aplicación, es decir, que surja del tratamiento con la situación y no que la misma situación lo mencione. Es por eso que proponemos un taller en el cual se trabajará de manera lúdica con uno de los grandes problemas de la historia de la probabilidad: el problema del reparto de la apuesta en un juego interrumpido. Las actividades que proponemos se refieren a diferentes situaciones que son consecuencia directa de las variaciones que realizamos en la versión original del problema planteada por Blaise Pascal y para llevarlas a cabo, se experimentará con juegos y se realizarán simulaciones con el Software Microsoft Excel.', 'https://drive.google.com/open?authuser=0&usp=forms_web&id=1gpZG81Wb1avcBi46L-x281Iz6_0guzi0\r\n', '0000-00-00 00:00:00', 'Probabilidades en un juego interrumpido', '', 'No', 'Combinatoria: Estrategias para el recuento de casos. Número combinatorio. Número factorial. Combinaciones. Triángulo de Pascal.  Álgebra: Patrones numéricos. Término general de una sucesión. Producción de fórmulas para representar regularidades numéricas.', 20, NULL, '0000-00-00 00:00:00', '0000-00-00 00:00:00'),
(22, 'Esta propuesta de taller trata algunos resultados de la geometría proyectiva pero tratados a partir de geometría elemental. A partir de ciertas estructuras de rectas y puntos, se construyen tablas que los relacionan y se discute la posibilidad de la construcción real. Además, se usan recursos tecnológicos tendientes a favorecer la exploración de los conceptos que se tratan y de esta manera adquirir un entendimiento más profundo y general de estos temas.', 'https://drive.google.com/open?authuser=0&usp=forms_web&id=1OUv1-pEChF0-nYbbgO9vyUE66JzrYsok\r\n', '0000-00-00 00:00:00', 'Geometría de puntos y rectas', '', 'Laboratorio de Informática con el Sofware GeoGebra instalado.', 'Geometría Analítica Básica', 30, NULL, '0000-00-00 00:00:00', '0000-00-00 00:00:00'),
(23, 'Dentro de la enseñanza del análisis matemático en varias variables, un reto para el docente es que los alumnos logren interpretar conceptos de manera gráfica y geométrica, para que no sean sólo un conjunto de cálculos mecánicos y vacíos. Este trabajo ofrece una alternativa de enseñanza para los conceptos de límite doble, derivada direccional y diferenciabilidad de una función. El taller es un espacio para realizar gráficos dinámicos con GeoGebra, acompañado de situaciones de análisis y de debate, con la intención de realizar actividades matemáticas mediadas por un instrumento tecnológico donde el eje central es el concepto matemático, y de esta manera superar las dinámicas tradicionales. Así se propone una nueva forma de emprender las prácticas educativas contextualizas en los actuales paradigmas educativos.', 'https://drive.google.com/open?authuser=0&usp=forms_web&id=1ECLV2PMaGeebvJ6D3QWsRV5W9kkAGyww\r\n', '0000-00-00 00:00:00', 'Cálculo Diferencial en Varias Variables con GeoGebra', '', 'Sala de Computación', 'Límite doble de un función. Límites iterados. Límites por caminos particulares. Derivada parcial y direccional de una función de dos variables. Diferenciabilidad. Plano tangente. Manejo básico de GeoGebra.', 30, NULL, '0000-00-00 00:00:00', '0000-00-00 00:00:00'),
(24, 'Resumen Este trabajo es una propuesta de realización de SCORM  para la enseñanza de Puntos notables de un triángulo: Baricentro, Ortocentro e Incentro. No es un taller dedicado a desarrollar este tema de geometría, sino a presentar una estrategia de enseñanza de los conceptos indicados por medio de tecnologías web, como son los paquetes SCORM. También se explicarán procedimientos para compartir material educativo en repositorios de la red de Internet.', 'https://drive.google.com/open?authuser=0&usp=forms_web&id=1a8-itMF1xgMZ7VByeuLwsqa3Hne53NOB\r\n', '0000-00-00 00:00:00', 'Geometría en Equipo', '', 'Laboratorio de Informática con los Softwares GeoGebra y Exelearning instalados. Retroproyector.', 'Conocimiento y conceptos elementales de geometría euclidiana (Por ejemplo, simetría central, definición de altura, mediatríz de un segmento, bisectriz, mediana).', 21, NULL, '0000-00-00 00:00:00', '0000-00-00 00:00:00'),
(25, 'Dentro de la enseñanza de la matemática en la escuela secundaria, un tema pendiente para el docente es la enseñanza de la geometría. Esto se refleja cuando los alumnos ingresan a la educación superior y evidencian vacíos conceptuales en relación a esta asignatura. Las razones por las cuales los docentes no enseñan geometría son diversas, pero una muy presente es la falta de la misma en su formación profesional. Este trabajo ofrece una alternativa de enseñanza para los conceptos de las Transformaciones Rígidas y no rígidas. El taller es un espacio para realizar gráficos dinámicos con GeoGebra, acompañado de situaciones de análisis y de debate, con la intención de realizar deducciones matemáticas mediadas por un instrumento tecnológico donde el eje central es el concepto matemático, y de esta manera superar las dinámicas tradicionales. Así se propone una nueva forma de emprender las prácticas educativas contextualizas en los actuales paradigmas educativos.', 'https://drive.google.com/open?authuser=0&usp=forms_web&id=1pD_4qbAElqXFaOXRvvaFi5x9QXcjlkME\r\n', '0000-00-00 00:00:00', 'Geometría de las Transformaciones con GeoGebra', '', 'Sala de computación', 'Transformaciones rígidas y no rígidas en el plano: traslación, rotación, simetrías central, axial, composición, homotecia y semejanza. Manejo básico de GeoGebra.', 30, NULL, '0000-00-00 00:00:00', '0000-00-00 00:00:00'),
(26, 'Resumen: El taller está enfocado a trabajar contenidos del eje de geometría y medidas de los diseños curriculares de nivel primario, y geometría, medida y álgebra y funciones del nivel secundario tomaremos solamente hasta el segundo año de secundario. Se realizó la selección de contenidos teniendo en cuenta secuencia didáctica con la que se de trabajar. Las actividades propuestas en los tres días son consecutivos sencillas pero con la diferencia que se las puede aplicar para el desarrollo de destrezas competencias y habilidades que se requiere en la construcción y movimiento en el espacio. Al proponer actividades funcionales los grupos clases aprenden en diversidad y con la diversidad.', 'https://drive.google.com/open?authuser=0&usp=forms_web&id=1fIym2bPVf2V1k3PM-NL6ZiDwk1xMJbgr\r\n', '0000-00-00 00:00:00', 'aprendiendo a descubrir la funcionalidad de la matemática en un aula inclusiva', '', 'Un aula', 'relaciones espaciales. eje de coordenadas.', 30, NULL, '0000-00-00 00:00:00', '0000-00-00 00:00:00');

-- --------------------------------------------------------

--
-- Estructura de tabla para la tabla `propuestasjurados`
--

CREATE TABLE `propuestasjurados` (
  `id` int(10) UNSIGNED NOT NULL,
  `evaluar` enum('aceptar','rechazar') COLLATE utf8_unicode_ci DEFAULT NULL,
  `jurado_id` int(10) UNSIGNED DEFAULT NULL,
  `propuesta_id` int(10) UNSIGNED DEFAULT NULL,
  `created_at` timestamp NOT NULL DEFAULT '0000-00-00 00:00:00',
  `updated_at` timestamp NOT NULL DEFAULT '0000-00-00 00:00:00'
) ENGINE=InnoDB DEFAULT CHARSET=utf8 COLLATE=utf8_unicode_ci;

--
-- Índices para tablas volcadas
--

--
-- Indices de la tabla `areas`
--
ALTER TABLE `areas`
  ADD PRIMARY KEY (`id`);

--
-- Indices de la tabla `areasjurados`
--
ALTER TABLE `areasjurados`
  ADD PRIMARY KEY (`id`),
  ADD KEY `areasjurados_area_id_foreign` (`area_id`),
  ADD KEY `areasjurados_jurado_id_foreign` (`jurado_id`);

--
-- Indices de la tabla `areaspropuestas`
--
ALTER TABLE `areaspropuestas`
  ADD PRIMARY KEY (`id`),
  ADD KEY `areaspropuestas_area_id_foreign` (`area_id`),
  ADD KEY `areaspropuestas_propuesta_id_foreign` (`propuesta_id`);

--
-- Indices de la tabla `evaluaciones`
--
ALTER TABLE `evaluaciones`
  ADD PRIMARY KEY (`id`),
  ADD UNIQUE KEY `propuestajurado_id` (`propuestajurado_id`);

--
-- Indices de la tabla `evaluacionespreguntas`
--
ALTER TABLE `evaluacionespreguntas`
  ADD PRIMARY KEY (`id`),
  ADD KEY `evaluacionespreguntas_evaluacion_id_foreign` (`evaluacion_id`),
  ADD KEY `evaluacionespreguntas_pregunta_id_foreign` (`pregunta_id`);

--
-- Indices de la tabla `jurados`
--
ALTER TABLE `jurados`
  ADD PRIMARY KEY (`id`),
  ADD UNIQUE KEY `jurados_email_unique` (`email`),
  ADD UNIQUE KEY `dni` (`dni`);

--
-- Indices de la tabla `oferentes`
--
ALTER TABLE `oferentes`
  ADD PRIMARY KEY (`id`),
  ADD UNIQUE KEY `oferentes_email_unique` (`email`);

--
-- Indices de la tabla `oferentespropuestas`
--
ALTER TABLE `oferentespropuestas`
  ADD PRIMARY KEY (`id`),
  ADD KEY `oferentespropuestas_orefente_id_foreign` (`oferente_id`),
  ADD KEY `oferentespropuestas_propuesta_id_foreign` (`propuesta_id`);

--
-- Indices de la tabla `preguntas`
--
ALTER TABLE `preguntas`
  ADD PRIMARY KEY (`id`);

--
-- Indices de la tabla `propuestas`
--
ALTER TABLE `propuestas`
  ADD PRIMARY KEY (`id`);

--
-- Indices de la tabla `propuestasjurados`
--
ALTER TABLE `propuestasjurados`
  ADD PRIMARY KEY (`id`),
  ADD KEY `propuestasjurados_jurado_id_foreign` (`jurado_id`),
  ADD KEY `propuestasjurados_propuesta_id_foreign` (`propuesta_id`);

--
-- AUTO_INCREMENT de las tablas volcadas
--

--
-- AUTO_INCREMENT de la tabla `areas`
--
ALTER TABLE `areas`
  MODIFY `id` int(10) UNSIGNED NOT NULL AUTO_INCREMENT, AUTO_INCREMENT=32;
--
-- AUTO_INCREMENT de la tabla `areasjurados`
--
ALTER TABLE `areasjurados`
  MODIFY `id` int(10) UNSIGNED NOT NULL AUTO_INCREMENT, AUTO_INCREMENT=303;
--
-- AUTO_INCREMENT de la tabla `areaspropuestas`
--
ALTER TABLE `areaspropuestas`
  MODIFY `id` int(10) UNSIGNED NOT NULL AUTO_INCREMENT, AUTO_INCREMENT=80;
--
-- AUTO_INCREMENT de la tabla `evaluaciones`
--
ALTER TABLE `evaluaciones`
  MODIFY `id` int(10) UNSIGNED NOT NULL AUTO_INCREMENT;
--
-- AUTO_INCREMENT de la tabla `evaluacionespreguntas`
--
ALTER TABLE `evaluacionespreguntas`
  MODIFY `id` int(10) UNSIGNED NOT NULL AUTO_INCREMENT;
--
-- AUTO_INCREMENT de la tabla `jurados`
--
ALTER TABLE `jurados`
  MODIFY `id` int(10) UNSIGNED NOT NULL AUTO_INCREMENT, AUTO_INCREMENT=39;
--
-- AUTO_INCREMENT de la tabla `oferentes`
--
ALTER TABLE `oferentes`
  MODIFY `id` int(10) UNSIGNED NOT NULL AUTO_INCREMENT, AUTO_INCREMENT=73;
--
-- AUTO_INCREMENT de la tabla `oferentespropuestas`
--
ALTER TABLE `oferentespropuestas`
  MODIFY `id` int(10) UNSIGNED NOT NULL AUTO_INCREMENT, AUTO_INCREMENT=79;
--
-- AUTO_INCREMENT de la tabla `preguntas`
--
ALTER TABLE `preguntas`
  MODIFY `id` int(10) UNSIGNED NOT NULL AUTO_INCREMENT, AUTO_INCREMENT=11;
--
-- AUTO_INCREMENT de la tabla `propuestasjurados`
--
ALTER TABLE `propuestasjurados`
  MODIFY `id` int(10) UNSIGNED NOT NULL AUTO_INCREMENT;
--
-- Restricciones para tablas volcadas
--

--
-- Filtros para la tabla `areasjurados`
--
ALTER TABLE `areasjurados`
  ADD CONSTRAINT `areasjurados_area_id_foreign` FOREIGN KEY (`area_id`) REFERENCES `areas` (`id`),
  ADD CONSTRAINT `areasjurados_jurado_id_foreign` FOREIGN KEY (`jurado_id`) REFERENCES `jurados` (`id`);

--
-- Filtros para la tabla `evaluaciones`
--
ALTER TABLE `evaluaciones`
  ADD CONSTRAINT `evaluaciones_propuestajurado_id_foreign` FOREIGN KEY (`propuestajurado_id`) REFERENCES `propuestasjurados` (`id`);

--
-- Filtros para la tabla `evaluacionespreguntas`
--
ALTER TABLE `evaluacionespreguntas`
  ADD CONSTRAINT `evaluacionespreguntas_evaluacion_id_foreign` FOREIGN KEY (`evaluacion_id`) REFERENCES `evaluaciones` (`id`),
  ADD CONSTRAINT `evaluacionespreguntas_pregunta_id_foreign` FOREIGN KEY (`pregunta_id`) REFERENCES `preguntas` (`id`);

/*!40101 SET CHARACTER_SET_CLIENT=@OLD_CHARACTER_SET_CLIENT */;
/*!40101 SET CHARACTER_SET_RESULTS=@OLD_CHARACTER_SET_RESULTS */;
/*!40101 SET COLLATION_CONNECTION=@OLD_COLLATION_CONNECTION */;
